Arquivo,Tela,ID,Nome,Descrição,Pré-condições,Resultado na tela,Como testar
04-ANIMES.md,"página **Animes** do site (listagem completa de animes, acessível pelo menu ou pelo título da faixa Animes na página inicial).",RN-ANIMES-001,Conteúdo na abertura,Lista e filtros já aparecem ao entrar (com possível segunda atualização logo após).,Catálogo acessível.,Cards e selects visíveis após carregar.,Abrir Animes.
04-ANIMES.md,"página **Animes** do site (listagem completa de animes, acessível pelo menu ou pelo título da faixa Animes na página inicial).",RN-ANIMES-002,Falha na abertura,Catálogo indisponível no primeiro momento não quebra a página.,Falha simulada.,Grade vazia; filtros vazios; página utilizável.,Ambiente com catálogo indisponível na abertura.
04-ANIMES.md,"página **Animes** do site (listagem completa de animes, acessível pelo menu ou pelo título da faixa Animes na página inicial).",RN-ANIMES-003,Texto do cabeçalho,Título e descrição fixos.,Usuário em Animes.,**Animes** + texto sobre temporadas e clássicos.,Ler cabeçalho.
04-ANIMES.md,"página **Animes** do site (listagem completa de animes, acessível pelo menu ou pelo título da faixa Animes na página inicial).",RN-ANIMES-004,Gaveta O que vem aí,Animes futuros em carrossel horizontal.,Resumo com **próximos animes**.,Seção **O que vem aí** acima dos filtros.,Ambiente com estreias futuras.
04-ANIMES.md,"página **Animes** do site (listagem completa de animes, acessível pelo menu ou pelo título da faixa Animes na página inicial).",RN-ANIMES-005,Opções dos filtros,"Gêneros, anos, formatos, fontes e status vêm do catálogo disponível.",Catálogo populado.,Dropdowns preenchidos; gêneros em ordem alfabética; anos do mais recente ao mais antigo; status com rótulo em português quando aplicável.,Abrir cada select e comparar com títulos conhecidos.
04-ANIMES.md,"página **Animes** do site (listagem completa de animes, acessível pelo menu ou pelo título da faixa Animes na página inicial).",RN-ANIMES-006,Valor “Todos”,Cada filtro em “Todos os …” não restringe aquele critério.,Todos em todos os selects.,Grade ampla.,Resetar filtros.
04-ANIMES.md,"página **Animes** do site (listagem completa de animes, acessível pelo menu ou pelo título da faixa Animes na página inicial).",RN-ANIMES-007,Recarga ao mudar filtro e na hidratação,A grade recarrega quando a página termina de abrir **e** sempre que um filtro muda (pode haver um loading extra logo após a primeira pintura).,Página recém-aberta ou filtro alterado.,Spinner possível logo após abrir; novo spinner ao mudar filtro.,Abrir Animes observando loading; depois trocar gênero.
04-ANIMES.md,"página **Animes** do site (listagem completa de animes, acessível pelo menu ou pelo título da faixa Animes na página inicial).",RN-ANIMES-008,Atualização após sync,Sync do catálogo pode atualizar a grade com a página aberta.,Sync disparada.,Lista muda sem F5.,Manter Animes aberta durante sync.
04-ANIMES.md,"página **Animes** do site (listagem completa de animes, acessível pelo menu ou pelo título da faixa Animes na página inicial).",RN-ANIMES-009,Contador = cards da página atual,"O texto “X animes encontrados” conta os cards **mostrados**, não necessariamente o total de animes que existem para o filtro no catálogo.",Mais de ~48 animes para o filtro.,Contador pode mostrar até ~48 enquanto existem mais no catálogo.,Filtro amplo; comparar contador com total esperado manualmente.
04-ANIMES.md,"página **Animes** do site (listagem completa de animes, acessível pelo menu ou pelo título da faixa Animes na página inicial).",RN-ANIMES-010,"Grade, loading e vazio",Spinner central durante busca; grid responsivo; empty state amigável.,Filtro impossível ou resultados OK.,**Nenhum anime encontrado** + dica; ou 2–5 colunas de cards ~210px.,Testar filtro vazio e filtro amplo.
04-ANIMES.md,"página **Animes** do site (listagem completa de animes, acessível pelo menu ou pelo título da faixa Animes na página inicial).",RN-ANIMES-011,Lote inicial sem “carregar mais”,A grade mostra um lote inicial (~dezenas); não há botão para próxima página nesta tela.,Catálogo grande.,~48 cards visíveis; sem paginação na UI.,Contar cards com filtros abertos.
04-ANIMES.md,"página **Animes** do site (listagem completa de animes, acessível pelo menu ou pelo título da faixa Animes na página inicial).",RN-ANIMES-012,Exclusão de adulto explícito,Animes marcados como conteúdo adulto não entram na listagem pública desta página.,Anime adulto no catálogo.,Ausente em Animes.,Buscar título adulto conhecido.
04-ANIMES.md,"página **Animes** do site (listagem completa de animes, acessível pelo menu ou pelo título da faixa Animes na página inicial).",RN-ANIMES-013,Tags sensíveis ocultas,"Títulos com tags como conteúdo adulto explícito (ex.: hentai, ecchi pesado) ficam de fora da listagem padrão.",Anime com tag bloqueada.,Não aparece na grade pública.,Validar título de teste com tag sensível.
04-ANIMES.md,"página **Animes** do site (listagem completa de animes, acessível pelo menu ou pelo título da faixa Animes na página inicial).",RN-ANIMES-014,Filtros combinados,"Gênero, ano (temporada), formato, fonte e status restringem juntos.",Vários filtros ativos.,Só animes que atendem **todos** os critérios.,Combinar gênero + ano + formato.
04-ANIMES.md,"página **Animes** do site (listagem completa de animes, acessível pelo menu ou pelo título da faixa Animes na página inicial).",RN-ANIMES-015,Ordem alfabética padrão,"Sem controle “populares” na UI, ordem por título (romaji/título exibido).",Filtros em todos.,Ordem A–Z aproximada pelos primeiros cards.,Ler primeiros títulos.
04-ANIMES.md,"página **Animes** do site (listagem completa de animes, acessível pelo menu ou pelo título da faixa Animes na página inicial).",RN-ANIMES-016,Listagem vs home / Hoje,A página Animes é **mais permissiva** que o carrossel Animes da home e que algumas seções da página Hoje (que exigem qualidade mínima).,"Anime marginal (baixa popularidade, fora de temporada).",Pode aparecer em Animes e faltar na home/Hoje streaming.,Comparar mesmo anime nas três áreas.
04-ANIMES.md,"página **Animes** do site (listagem completa de animes, acessível pelo menu ou pelo título da faixa Animes na página inicial).",RN-ANIMES-017,Conteúdo pode demorar a atualizar,"Após mudanças no catálogo, aguardar e recarregar para ver efeito (mesma lógica das outras listagens).",Cadastro alterado.,Novidades após reload.,Alterar anime de teste; recarregar.
04-ANIMES.md,"página **Animes** do site (listagem completa de animes, acessível pelo menu ou pelo título da faixa Animes na página inicial).",RN-ANIMES-018,Metadados de filtro completos,Formatos e fontes listam valores realmente usados por algum anime.,Catálogo variado.,Sem opções “fantasma” no menu.,Percorrer formatos/fontes.
04-ANIMES.md,"página **Animes** do site (listagem completa de animes, acessível pelo menu ou pelo título da faixa Animes na página inicial).",RN-ANIMES-019,Detalhe ao vivo,"Clique no card abre detalhe que pode buscar informações atualizadas (sinopse, episódios, links).",Card qualquer.,Modal/página de detalhe; id inválido não abre conteúdo quebrado.,Clicar card; testar título removido.
04-ANIMES.md,"página **Animes** do site (listagem completa de animes, acessível pelo menu ou pelo título da faixa Animes na página inicial).",RN-ANIMES-020,Próximo episódio (detalhe/agenda),Informação de próximo episódio aparece no detalhe/card quando existir agenda futura; não é filtro da grade.,Anime em exibição semanal.,Contagem ou data de próximo ep no card/detalhe.,Anime em temporada corrente.
11-AUTH-PERFIL.md,"telas de **Entrar**, **Inscreva-se**, **Meu perfil** e **Configurações**, além do comportamento global de sessão em todo o site.",RN-AUTH-001,Campos obrigatórios,Formulário de login.,Página Entrar aberta.,Email e senha exigidos pelo navegador antes de enviar.,Enviar vazio → validação nativa.
11-AUTH-PERFIL.md,"telas de **Entrar**, **Inscreva-se**, **Meu perfil** e **Configurações**, além do comportamento global de sessão em todo o site.",RN-AUTH-002,Sucesso,Credenciais válidas.,Conta existente.,Usuário entra; redireciona para página anterior segura ou home; nome aparece no header.,Login OK vindo de Minha Lista.
11-AUTH-PERFIL.md,"telas de **Entrar**, **Inscreva-se**, **Meu perfil** e **Configurações**, além do comportamento global de sessão em todo o site.",RN-AUTH-003,Erro genérico,Credenciais inválidas ou falha de rede.,Login falha.,Toast “Ocorreu um erro ao tentar fazer login” (ou equivalente).,Senha errada.
11-AUTH-PERFIL.md,"telas de **Entrar**, **Inscreva-se**, **Meu perfil** e **Configurações**, além do comportamento global de sessão em todo o site.",RN-AUTH-004,Redirect seguro,Parâmetro de retorno na URL após login.,Link de Entrar vindo de página protegida.,Só redireciona para páginas internas do site; não envia o usuário para sites externos.,"Após login, confirmar retorno à Minha Lista; tentar manipular URL de retorno externo se QA tiver cenário."
11-AUTH-PERFIL.md,"telas de **Entrar**, **Inscreva-se**, **Meu perfil** e **Configurações**, além do comportamento global de sessão em todo o site.",RN-AUTH-005,Mostrar senha,Acessibilidade.,Campo senha.,Ícone alterna texto visível/oculto.,Clicar olho no campo senha.
11-AUTH-PERFIL.md,"telas de **Entrar**, **Inscreva-se**, **Meu perfil** e **Configurações**, além do comportamento global de sessão em todo o site.",RN-AUTH-006,Ir para cadastro,Rodapé.,Página login.,Link para Inscreva-se.,Clicar cadastro.
11-AUTH-PERFIL.md,"telas de **Entrar**, **Inscreva-se**, **Meu perfil** e **Configurações**, além do comportamento global de sessão em todo o site.",RN-AUTH-010,Senha mínima,Regra de segurança.,Cadastro novo.,Senha com menos de **8** caracteres bloqueada com aviso antes de enviar.,Senha de 7 chars.
11-AUTH-PERFIL.md,"telas de **Entrar**, **Inscreva-se**, **Meu perfil** e **Configurações**, além do comportamento global de sessão em todo o site.",RN-AUTH-011,Confirmar senha,Dois campos devem coincidir.,Senhas diferentes.,Toast de erro; formulário não envia.,Senha ≠ confirmar.
11-AUTH-PERFIL.md,"telas de **Entrar**, **Inscreva-se**, **Meu perfil** e **Configurações**, além do comportamento global de sessão em todo o site.",RN-AUTH-012,Campos obrigatórios,"Nome, email, senhas.",Formulário.,"Nome, email e senhas required.",Enviar incompleto.
11-AUTH-PERFIL.md,"telas de **Entrar**, **Inscreva-se**, **Meu perfil** e **Configurações**, além do comportamento global de sessão em todo o site.",RN-AUTH-013,Sucesso,Cadastro aceito.,Email novo.,Mesmo fluxo pós-login: sessão ativa + redirect seguro.,Registrar conta QA.
11-AUTH-PERFIL.md,"telas de **Entrar**, **Inscreva-se**, **Meu perfil** e **Configurações**, além do comportamento global de sessão em todo o site.",RN-AUTH-014,Erro do servidor,Email duplicado etc.,Cadastro recusado.,Toast com mensagem retornada ou genérica.,Registrar email já usado.
11-AUTH-PERFIL.md,"telas de **Entrar**, **Inscreva-se**, **Meu perfil** e **Configurações**, além do comportamento global de sessão em todo o site.",RN-AUTH-020,Restaurar ao abrir o site,Usuário já logou antes.,Fechar aba e reabrir.,Continua logado se sessão válida; senão volta anônimo.,Login → fechar browser → reabrir.
11-AUTH-PERFIL.md,"telas de **Entrar**, **Inscreva-se**, **Meu perfil** e **Configurações**, além do comportamento global de sessão em todo o site.",RN-AUTH-021,Dados após login,Conteúdo personalizado.,Login bem-sucedido.,"Notificações, interações nos cards e pins de anime da semana carregam.",Ver badge notificação e favoritos.
11-AUTH-PERFIL.md,"telas de **Entrar**, **Inscreva-se**, **Meu perfil** e **Configurações**, além do comportamento global de sessão em todo o site.",RN-AUTH-022,Preferências lembradas,Tema e interações locais.,Usuário alterou tema ou favoritos.,"Tema, favoritos e opção de scroll rápido persistem entre visitas no mesmo navegador.",Mudar tema → F5.
11-AUTH-PERFIL.md,"telas de **Entrar**, **Inscreva-se**, **Meu perfil** e **Configurações**, além do comportamento global de sessão em todo o site.",RN-AUTH-023,Sair,Logout pelo menu.,Logado.,"Limpa usuário, notificações, interações e pins; volta estado de visitante.",Sair → header sem avatar.
11-AUTH-PERFIL.md,"telas de **Entrar**, **Inscreva-se**, **Meu perfil** e **Configurações**, além do comportamento global de sessão em todo o site.",RN-AUTH-024,Sessão no navegador,Cookie de sessão.,Login em produção.,Sessão mantida por vários dias no mesmo dispositivo (comportamento de “permanecer logado”).,Permanecer logado overnight (QA).
11-AUTH-PERFIL.md,"telas de **Entrar**, **Inscreva-se**, **Meu perfil** e **Configurações**, além do comportamento global de sessão em todo o site.",RN-AUTH-025,Tipo de conta,Papel do usuário.,Admin vs explorador.,"Admin vê ferramentas extras (ex. edição no modal, links no perfil); demais usuários não.",Comparar contas.
11-AUTH-PERFIL.md,"telas de **Entrar**, **Inscreva-se**, **Meu perfil** e **Configurações**, além do comportamento global de sessão em todo o site.",RN-AUTH-030,Só para logados,Proteção da rota.,Anônimo ou sessão inválida.,Redirect para Entrar; falha ao carregar perfil também redireciona.,Abrir Meu perfil sem login.
11-AUTH-PERFIL.md,"telas de **Entrar**, **Inscreva-se**, **Meu perfil** e **Configurações**, além do comportamento global de sessão em todo o site.",RN-AUTH-031,Dados básicos,Identidade na página.,Perfil carregado.,"Nome, email, papel (Administrador / Explorador); foto só se URL de avatar for de origem permitida.",Perfil com avatar externo válido/inválido.
11-AUTH-PERFIL.md,"telas de **Entrar**, **Inscreva-se**, **Meu perfil** e **Configurações**, além do comportamento global de sessão em todo o site.",RN-AUTH-032,Bio,Texto sobre o usuário.,Com/sem bio salva.,Bio visível ou placeholder convidando a editar em Configurações.,Conta sem bio.
11-AUTH-PERFIL.md,"telas de **Entrar**, **Inscreva-se**, **Meu perfil** e **Configurações**, além do comportamento global de sessão em todo o site.",RN-AUTH-033,Bloco conta,Metadados.,Perfil OK.,"Email, “membro desde” em pt-BR, visibilidade Público/Privado.",Ler seção conta.
11-AUTH-PERFIL.md,"telas de **Entrar**, **Inscreva-se**, **Meu perfil** e **Configurações**, além do comportamento global de sessão em todo o site.",RN-AUTH-034,Atalhos,Navegação rápida.,Perfil aberto.,Links para Minha lista e Configurações.,Clicar atalhos.
11-AUTH-PERFIL.md,"telas de **Entrar**, **Inscreva-se**, **Meu perfil** e **Configurações**, além do comportamento global de sessão em todo o site.",RN-AUTH-035,Ferramentas admin,Conta administrador.,Role admin.,Link para logs de sincronização e ação para baixar log de sync (ferramenta temporária de QA/operações).,Logar admin; usuário comum não vê.
11-AUTH-PERFIL.md,"telas de **Entrar**, **Inscreva-se**, **Meu perfil** e **Configurações**, além do comportamento global de sessão em todo o site.",RN-AUTH-040,Só para logados,Mesmo padrão do perfil.,Anônimo.,Redirect Entrar se perfil não carrega.,Abrir Configurações sem login.
11-AUTH-PERFIL.md,"telas de **Entrar**, **Inscreva-se**, **Meu perfil** e **Configurações**, além do comportamento global de sessão em todo o site.",RN-AUTH-041,Campos editáveis,Formulário.,Logado.,"Nome, URL do avatar, bio, interruptor perfil público (padrão público se nunca definido).",Alterar nome e salvar.
11-AUTH-PERFIL.md,"telas de **Entrar**, **Inscreva-se**, **Meu perfil** e **Configurações**, além do comportamento global de sessão em todo o site.",RN-AUTH-042,Salvar perfil,Envio do formulário.,Dados válidos.,Mensagem inline de sucesso ou erro; perfil reflete mudanças.,Salvar bio nova → ver perfil.
11-AUTH-PERFIL.md,"telas de **Entrar**, **Inscreva-se**, **Meu perfil** e **Configurações**, além do comportamento global de sessão em todo o site.",RN-AUTH-043,Texto de privacidade,Toggle perfil público.,Configurações abertas.,Explica que perfil público afeta visibilidade de lista/favoritos para outros.,Ler copy do toggle.
11-AUTH-PERFIL.md,"telas de **Entrar**, **Inscreva-se**, **Meu perfil** e **Configurações**, além do comportamento global de sessão em todo o site.",RN-AUTH-044,Sem troca de senha aqui,Escopo da página.,Configurações.,Não há campos de senha ou email nesta tela.,Confirmar ausência de “alterar senha”.
11-AUTH-PERFIL.md,"telas de **Entrar**, **Inscreva-se**, **Meu perfil** e **Configurações**, além do comportamento global de sessão em todo o site.",RN-AUTH-050,Minha lista no menu,Usuário logado.,Header desktop/mobile.,Entrada para Minha lista no menu do usuário e no mobile.,Abrir menu avatar.
11-AUTH-PERFIL.md,"telas de **Entrar**, **Inscreva-se**, **Meu perfil** e **Configurações**, além do comportamento global de sessão em todo o site.",RN-AUTH-051,Perfil e configurações,Navegação.,Logado.,Perfil no menu; Configurações via perfil ou botão dedicado.,Ir perfil → configurações.
09-BUSCA-HEADER.md,"em qualquer página do site com o **cabeçalho** fixo (menu, busca, tema, conta) e/ou com a **busca global** aberta em tela cheia sobre o conteúdo.",RN-BUSCA-001,Abrir e fechar,A busca só aparece quando acionada pelo header.,Site carregado.,Ícone de busca abre overlay; fechar remove overlay.,Clicar lupa → fechar com X/Esc/clique fora.
09-BUSCA-HEADER.md,"em qualquer página do site com o **cabeçalho** fixo (menu, busca, tema, conta) e/ou com a **busca global** aberta em tela cheia sobre o conteúdo.",RN-BUSCA-002,Histórico do navegador,Comportamento alinhado ao modal de detalhe.,Busca aberta.,Botão voltar do navegador pode fechar a busca; Esc fecha.,Abrir busca → voltar do browser.
09-BUSCA-HEADER.md,"em qualquer página do site com o **cabeçalho** fixo (menu, busca, tema, conta) e/ou com a **busca global** aberta em tela cheia sobre o conteúdo.",RN-BUSCA-003,Limpar ao fechar,Ao sair da busca.,Busca usada com texto e filtro.,"Campo vazio, categoria “todos”, resultados zerados na próxima abertura.",Buscar algo → fechar → reabrir.
09-BUSCA-HEADER.md,"em qualquer página do site com o **cabeçalho** fixo (menu, busca, tema, conta) e/ou com a **busca global** aberta em tela cheia sobre o conteúdo.",RN-BUSCA-004,Em alta sem digitar,Overlay aberto e campo vazio.,Primeira abertura ou após limpar.,Até ~20 títulos “em alta” exibidos como sugestão.,Abrir busca sem digitar.
09-BUSCA-HEADER.md,"em qualquer página do site com o **cabeçalho** fixo (menu, busca, tema, conta) e/ou com a **busca global** aberta em tela cheia sobre o conteúdo.",RN-BUSCA-005,Mínimo de caracteres,Busca efetiva por texto.,Digitar 0 ou 1 caractere.,Sem busca remota; resultados de mídia zerados (permanece em alta se vazio).,Digitar “a” e parar.
09-BUSCA-HEADER.md,"em qualquer página do site com o **cabeçalho** fixo (menu, busca, tema, conta) e/ou com a **busca global** aberta em tela cheia sobre o conteúdo.",RN-BUSCA-006,Espera antes de buscar,Evita buscar a cada tecla.,Digitar termo com 2+ caracteres.,Resultados atualizam ~350 ms após parar de digitar; buscas antigas não “piscam” por cima das novas.,Digitar rápido “star wars”.
09-BUSCA-HEADER.md,"em qualquer página do site com o **cabeçalho** fixo (menu, busca, tema, conta) e/ou com a **busca global** aberta em tela cheia sobre o conteúdo.",RN-BUSCA-007,Filtro por tipo,Chips ou abas de categoria.,Query válida.,"Opções: todos, filmes, séries, animes, jogos, pessoas; restringe o que é buscado/exibido.",Buscar termo comum; alternar chips.
09-BUSCA-HEADER.md,"em qualquer página do site com o **cabeçalho** fixo (menu, busca, tema, conta) e/ou com a **busca global** aberta em tela cheia sobre o conteúdo.",RN-BUSCA-008,Resultados de mídia,Várias mídias na mesma busca.,Categoria “todos” ou tipo específico.,"Filmes, séries, animes e jogos aparecem em grupos conforme filtro.",Termo que existe em mais de um tipo.
09-BUSCA-HEADER.md,"em qualquer página do site com o **cabeçalho** fixo (menu, busca, tema, conta) e/ou com a **busca global** aberta em tela cheia sobre o conteúdo.",RN-BUSCA-009,Pessoas e dubladores,Resultados de elenco.,Termo com 2+ chars; categoria todos ou pessoas.,Cards de ator/equipe vs dublador com rótulos distintos.,Buscar nome de ator e de dublador.
09-BUSCA-HEADER.md,"em qualquer página do site com o **cabeçalho** fixo (menu, busca, tema, conta) e/ou com a **busca global** aberta em tela cheia sobre o conteúdo.",RN-BUSCA-010,O que mostra por categoria,Com texto digitado.,Query ≥ 2; chip selecionado.,Chip “pessoas” esconde grids de mídia; demais chips focam o tipo escolhido.,Mesmo termo em “todos” vs “filmes” vs “pessoas”.
09-BUSCA-HEADER.md,"em qualquer página do site com o **cabeçalho** fixo (menu, busca, tema, conta) e/ou com a **busca global** aberta em tela cheia sobre o conteúdo.",RN-BUSCA-011,Seção pessoas,Grid dedicado.,Query ≥ 2; todos ou pessoas; há matches.,Bloco de pessoas visível só nessas condições.,Buscar sobrenome comum.
09-BUSCA-HEADER.md,"em qualquer página do site com o **cabeçalho** fixo (menu, busca, tema, conta) e/ou com a **busca global** aberta em tela cheia sobre o conteúdo.",RN-BUSCA-012,Contagem de resultados,Total exibido ao usuário.,Busca com resultados.,Número reflete mídias visíveis + pessoas quando a seção pessoas está ativa.,Comparar total ao mudar chip.
09-BUSCA-HEADER.md,"em qualquer página do site com o **cabeçalho** fixo (menu, busca, tema, conta) e/ou com a **busca global** aberta em tela cheia sobre o conteúdo.",RN-BUSCA-013,Ações nos cards,Favoritar e listas na busca.,Logado ou anônimo.,Mesmas regras dos cards nas listagens (login exigido onde aplicável).,Favoritar da busca logado.
09-BUSCA-HEADER.md,"em qualquer página do site com o **cabeçalho** fixo (menu, busca, tema, conta) e/ou com a **busca global** aberta em tela cheia sobre o conteúdo.",RN-BUSCA-014,Destaque de foco,Preparado para navegação por teclado.,Busca com vários resultados.,Um item pode receber estado visual de foco (navegação completa por teclado pode ser limitada).,Observar foco ao interagir.
09-BUSCA-HEADER.md,"em qualquer página do site com o **cabeçalho** fixo (menu, busca, tema, conta) e/ou com a **busca global** aberta em tela cheia sobre o conteúdo.",RN-BUSCA-015,Estados vazios,Sem sugestões e sem match.,Sem trending e sem query; ou query sem resultado.,“Nenhum conteúdo em alta” ou mensagem citando o termo buscado.,Termo inventado “zzzxxyy”.
09-BUSCA-HEADER.md,"em qualquer página do site com o **cabeçalho** fixo (menu, busca, tema, conta) e/ou com a **busca global** aberta em tela cheia sobre o conteúdo.",RN-BUSCA-020,Destino do clique,Ator vs dublador.,Resultado de pessoa na busca.,Ator/equipe → página da pessoa; dublador → página do dublador.,Clicar cada tipo.
09-BUSCA-HEADER.md,"em qualquer página do site com o **cabeçalho** fixo (menu, busca, tema, conta) e/ou com a **busca global** aberta em tela cheia sobre o conteúdo.",RN-BUSCA-021,Voltar à busca,Após abrir perfil a partir da busca.,Veio da overlay de busca.,"Ao voltar da página de pessoa/dublador, a busca pode reabrir (fluxo de retorno).",Busca → pessoa → voltar.
09-BUSCA-HEADER.md,"em qualquer página do site com o **cabeçalho** fixo (menu, busca, tema, conta) e/ou com a **busca global** aberta em tela cheia sobre o conteúdo.",RN-BUSCA-022,Subtítulo do card,Identificação rápida.,Cards na grid de pessoas.,“Ator / equipe” ou “Dublador” conforme o caso.,Ler subtítulos na busca.
12-OUTRAS-TELAS.md,"páginas de descoberta e créditos acessadas pelo menu — **Continuações**, **Premiações**, **Eventos**, **Pessoa**, **Dublador** e **Desenvolvedora** — além de abas de continuação dentro do modal de filme/série.",RN-CONT-001,Lista inicial,Página aberta sem detalhe selecionado.,Acesso pelo menu Continuações.,Carrega listas de **Sagas** e **Universos**; falha de rede → listas vazias sem quebrar a página.,Abrir Continuações offline após visita anterior.
12-OUTRAS-TELAS.md,"páginas de descoberta e créditos acessadas pelo menu — **Continuações**, **Premiações**, **Eventos**, **Pessoa**, **Dublador** e **Desenvolvedora** — além de abas de continuação dentro do modal de filme/série.",RN-CONT-002,Detalhe de saga,Saga selecionada na navegação.,Saga válida no catálogo.,Mostra timeline da saga; limpa seleção de universo.,Clicar card de saga.
12-OUTRAS-TELAS.md,"páginas de descoberta e créditos acessadas pelo menu — **Continuações**, **Premiações**, **Eventos**, **Pessoa**, **Dublador** e **Desenvolvedora** — além de abas de continuação dentro do modal de filme/série.",RN-CONT-003,Detalhe de universo,Universo selecionado.,Universo válido.,Mostra universo; força visualização de universos; limpa saga.,Link de universo cinematográfico.
12-OUTRAS-TELAS.md,"páginas de descoberta e créditos acessadas pelo menu — **Continuações**, **Premiações**, **Eventos**, **Pessoa**, **Dublador** e **Desenvolvedora** — além de abas de continuação dentro do modal de filme/série.",RN-CONT-004,Abas na listagem,Sem detalhe aberto.,Lista carregada.,Alternar “Sagas” vs “Universos cinematográficos”.,Clicar abas.
12-OUTRAS-TELAS.md,"páginas de descoberta e créditos acessadas pelo menu — **Continuações**, **Premiações**, **Eventos**, **Pessoa**, **Dublador** e **Desenvolvedora** — além de abas de continuação dentro do modal de filme/série.",RN-CONT-005,Card de saga,Preview na grade.,Várias sagas.,Link para detalhe; mostra quantidade de filmes e preview de títulos.,Ler card antes de entrar.
12-OUTRAS-TELAS.md,"páginas de descoberta e créditos acessadas pelo menu — **Continuações**, **Premiações**, **Eventos**, **Pessoa**, **Dublador** e **Desenvolvedora** — além de abas de continuação dentro do modal de filme/série.",RN-CONT-006,Card de universo,Preview na grade.,Universos com ordem.,Link para detalhe; preview numérico quando há ordem de obras.,Universo com filmes numerados.
12-OUTRAS-TELAS.md,"páginas de descoberta e créditos acessadas pelo menu — **Continuações**, **Premiações**, **Eventos**, **Pessoa**, **Dublador** e **Desenvolvedora** — além de abas de continuação dentro do modal de filme/série.",RN-CONT-007,Timeline da saga,Detalhe aberto.,Saga com filmes.,Linha do tempo cronológica; texto introdutório da saga se existir.,Abrir saga longa (ex. franquia).
12-OUTRAS-TELAS.md,"páginas de descoberta e créditos acessadas pelo menu — **Continuações**, **Premiações**, **Eventos**, **Pessoa**, **Dublador** e **Desenvolvedora** — além de abas de continuação dentro do modal de filme/série.",RN-CONT-008,Detalhe do universo,Visão mista.,Universo com filmes e séries.,"Contagens, faixa de anos, descrição, timeline filme+série.",Universo compartilhado conhecido.
12-OUTRAS-TELAS.md,"páginas de descoberta e créditos acessadas pelo menu — **Continuações**, **Premiações**, **Eventos**, **Pessoa**, **Dublador** e **Desenvolvedora** — além de abas de continuação dentro do modal de filme/série.",RN-CONT-009,Abrir obra,Clique em item da timeline.,Item filme ou série.,Abre modal de detalhe com informações mínimas até carregar o restante.,Clicar filme na timeline.
12-OUTRAS-TELAS.md,"páginas de descoberta e créditos acessadas pelo menu — **Continuações**, **Premiações**, **Eventos**, **Pessoa**, **Dublador** e **Desenvolvedora** — além de abas de continuação dentro do modal de filme/série.",RN-CONT-010,Sem conteúdo,Catálogo vazio.,Zero sagas/universos.,Mensagem orientando que dados podem depender de sincronização do catálogo.,Ambiente vazio.
12-OUTRAS-TELAS.md,"páginas de descoberta e créditos acessadas pelo menu — **Continuações**, **Premiações**, **Eventos**, **Pessoa**, **Dublador** e **Desenvolvedora** — além de abas de continuação dentro do modal de filme/série.",RN-CONT-011,Voltar à lista,Do detalhe.,Detalhe de saga ou universo.,Link “Todas as sagas” / “Todos os universos” retorna à listagem geral.,Voltar pelo link.
12-OUTRAS-TELAS.md,"páginas de descoberta e créditos acessadas pelo menu — **Continuações**, **Premiações**, **Eventos**, **Pessoa**, **Dublador** e **Desenvolvedora** — além de abas de continuação dentro do modal de filme/série.",RN-CONT-020,Abas no modal,Detalhe de filme/série com franquia.,Modal aberto.,Mesmas regras das abas RN-MODAL-090 a RN-MODAL-092 (continuação/universo sob demanda).,Abrir filme de saga → abas.
12-OUTRAS-TELAS.md,"páginas de descoberta e créditos acessadas pelo menu — **Continuações**, **Premiações**, **Eventos**, **Pessoa**, **Dublador** e **Desenvolvedora** — além de abas de continuação dentro do modal de filme/série.",RN-DEV-001,Empresa inválida,Endereço ou identificador incorreto.,Link quebrado ou id inexistente.,Mensagem de erro sem carregamento infinito.,Abrir link de desenvolvedora inválido.
12-OUTRAS-TELAS.md,"páginas de descoberta e créditos acessadas pelo menu — **Continuações**, **Premiações**, **Eventos**, **Pessoa**, **Dublador** e **Desenvolvedora** — além de abas de continuação dentro do modal de filme/série.",RN-DEV-002,Lista paginada,Catálogo de jogos da empresa.,Empresa com muitos jogos.,Primeira leva (~24 jogos); indicador de mais páginas.,Empresa grande (Nintendo etc.).
12-OUTRAS-TELAS.md,"páginas de descoberta e créditos acessadas pelo menu — **Continuações**, **Premiações**, **Eventos**, **Pessoa**, **Dublador** e **Desenvolvedora** — além de abas de continuação dentro do modal de filme/série.",RN-DEV-003,Scroll infinito,Usuário rola até o fim.,`hasMore` verdadeiro.,Próxima página carrega automaticamente ao aproximar do fim (~200px).,Rolar até carregar 2ª página.
12-OUTRAS-TELAS.md,"páginas de descoberta e créditos acessadas pelo menu — **Continuações**, **Premiações**, **Eventos**, **Pessoa**, **Dublador** e **Desenvolvedora** — além de abas de continuação dentro do modal de filme/série.",RN-DEV-004,Título da página,Nome da empresa.,Resposta com nome.,Cabeçalho com nome da desenvolvedora ou fallback “Desenvolvedora”.,Empresa sem nome na resposta.
12-OUTRAS-TELAS.md,"páginas de descoberta e créditos acessadas pelo menu — **Continuações**, **Premiações**, **Eventos**, **Pessoa**, **Dublador** e **Desenvolvedora** — além de abas de continuação dentro do modal de filme/série.",RN-DEV-005,Texto informativo,Origem dos dados.,Página aberta.,Copy informa a fonte do catálogo de jogos e que rolar carrega mais títulos.,Ler subtítulo.
12-OUTRAS-TELAS.md,"páginas de descoberta e créditos acessadas pelo menu — **Continuações**, **Premiações**, **Eventos**, **Pessoa**, **Dublador** e **Desenvolvedora** — além de abas de continuação dentro do modal de filme/série.",RN-DEV-006,Grid de jogos,Cards na página.,Jogos listados.,Cada jogo é card padrão com ações de lista/favorito.,Favoritar jogo da grid.
12-OUTRAS-TELAS.md,"páginas de descoberta e créditos acessadas pelo menu — **Continuações**, **Premiações**, **Eventos**, **Pessoa**, **Dublador** e **Desenvolvedora** — além de abas de continuação dentro do modal de filme/série.",RN-DEV-007,Entrada pelo modal,Link no detalhe do jogo.,Modal de jogo aberto.,Link da desenvolvedora leva a esta página.,Jogo → link dev → validar URL.
12-OUTRAS-TELAS.md,"páginas de descoberta e créditos acessadas pelo menu — **Continuações**, **Premiações**, **Eventos**, **Pessoa**, **Dublador** e **Desenvolvedora** — além de abas de continuação dentro do modal de filme/série.",RN-DUB-001,Carregar créditos,Página do dublador.,ID válido.,"Nome, foto e obras dubladas.",Dublador conhecido PT-BR.
12-OUTRAS-TELAS.md,"páginas de descoberta e créditos acessadas pelo menu — **Continuações**, **Premiações**, **Eventos**, **Pessoa**, **Dublador** e **Desenvolvedora** — além de abas de continuação dentro do modal de filme/série.",RN-DUB-002,Rótulo de idioma,Contexto da carreira.,Metadado de idioma.,Português → “Dublagem em português”; japonês → “Voz original”; outro → texto genérico.,Comparar dublador BR vs seiyuu.
12-OUTRAS-TELAS.md,"páginas de descoberta e créditos acessadas pelo menu — **Continuações**, **Premiações**, **Eventos**, **Pessoa**, **Dublador** e **Desenvolvedora** — além de abas de continuação dentro do modal de filme/série.",RN-DUB-003,Tipos na filmografia,Obras dubladas.,Créditos variados.,"Pode incluir filme, série, anime e jogo com rótulo de tipo.",Grid com anime e filme.
12-OUTRAS-TELAS.md,"páginas de descoberta e créditos acessadas pelo menu — **Continuações**, **Premiações**, **Eventos**, **Pessoa**, **Dublador** e **Desenvolvedora** — além de abas de continuação dentro do modal de filme/série.",RN-DUB-004,Personagem no card,Papel dublado.,Crédito com personagem.,Nome do personagem no card/poster.,Card “como {personagem}”.
12-OUTRAS-TELAS.md,"páginas de descoberta e créditos acessadas pelo menu — **Continuações**, **Premiações**, **Eventos**, **Pessoa**, **Dublador** e **Desenvolvedora** — além de abas de continuação dentro do modal de filme/série.",RN-DUB-005,Abrir detalhe,Clique na obra.,Item na grid.,"Modal abre para o tipo correto (filme, série, anime, jogo).",Clicar anime dublado.
12-OUTRAS-TELAS.md,"páginas de descoberta e créditos acessadas pelo menu — **Continuações**, **Premiações**, **Eventos**, **Pessoa**, **Dublador** e **Desenvolvedora** — além de abas de continuação dentro do modal de filme/série.",RN-DUB-006,Voltar para busca,Contexto de busca.,Veio da overlay de busca.,Voltar reabre busca; **não** reabre modal de filme como na página pessoa.,Busca → dublador → voltar.
12-OUTRAS-TELAS.md,"páginas de descoberta e créditos acessadas pelo menu — **Continuações**, **Premiações**, **Eventos**, **Pessoa**, **Dublador** e **Desenvolvedora** — além de abas de continuação dentro do modal de filme/série.",RN-EVT-001,Ano padrão,Seletor no topo.,Página aberta.,Ano atual selecionado; opções = ano atual e cinco anteriores.,Abrir eventos em setembro/2026.
12-OUTRAS-TELAS.md,"páginas de descoberta e créditos acessadas pelo menu — **Continuações**, **Premiações**, **Eventos**, **Pessoa**, **Dublador** e **Desenvolvedora** — além de abas de continuação dentro do modal de filme/série.",RN-EVT-002,Carregar resumo,Troca de ano.,Ano escolhido.,Lista de eventos do ano; erro → estado de falha sem dados.,Trocar ano; simular erro.
12-OUTRAS-TELAS.md,"páginas de descoberta e créditos acessadas pelo menu — **Continuações**, **Premiações**, **Eventos**, **Pessoa**, **Dublador** e **Desenvolvedora** — além de abas de continuação dentro do modal de filme/série.",RN-EVT-003,Só eventos com jogos,Relevância.,Ano com eventos vazios e cheios.,Evento só aparece se tiver pelo menos um jogo associado.,Ano com evento “sem jogos” oculto.
12-OUTRAS-TELAS.md,"páginas de descoberta e créditos acessadas pelo menu — **Continuações**, **Premiações**, **Eventos**, **Pessoa**, **Dublador** e **Desenvolvedora** — além de abas de continuação dentro do modal de filme/série.",RN-EVT-004,Contador,Badge no cabeçalho da lista.,Ano com eventos relevantes.,Número de eventos exibidos naquele ano.,Contar cards vs badge.
12-OUTRAS-TELAS.md,"páginas de descoberta e créditos acessadas pelo menu — **Continuações**, **Premiações**, **Eventos**, **Pessoa**, **Dublador** e **Desenvolvedora** — além de abas de continuação dentro do modal de filme/série.",RN-EVT-005,Loading e erro,Estados intermediários.,Rede lenta ou falha.,Esqueletos durante carga; mensagem/CTA em falha.,Throttle e offline.
12-OUTRAS-TELAS.md,"páginas de descoberta e créditos acessadas pelo menu — **Continuações**, **Premiações**, **Eventos**, **Pessoa**, **Dublador** e **Desenvolvedora** — além de abas de continuação dentro do modal de filme/série.",RN-EVT-006,Ano vazio,Nenhum evento relevante.,Ano sem jogos em eventos.,Sugestão para escolher outro ano.,Selecionar ano antigo vazio.
12-OUTRAS-TELAS.md,"páginas de descoberta e créditos acessadas pelo menu — **Continuações**, **Premiações**, **Eventos**, **Pessoa**, **Dublador** e **Desenvolvedora** — além de abas de continuação dentro do modal de filme/série.",RN-EVT-007,Jogos por evento,Card de evento.,Evento com jogos.,Cada evento mostra jogos em cards com interações do usuário.,Expandir/rolar evento E3 etc.
02-FILMES.md,"página **Filmes** do site (listagem completa de filmes, acessível pelo menu ou pelo título da faixa Filmes na página inicial).",RN-FILMES-001,Conteúdo na primeira abertura,"A listagem e as opções de filtro já vêm preparadas quando a página abre, sem precisar clicar em nada.",Site acessível; catálogo com filmes.,"Ao entrar em Filmes, cards e menus de filtro aparecem (ou estado vazio amigável se não houver dados).",Abrir a página Filmes em aba nova; observar grade e selects antes de interagir.
02-FILMES.md,"página **Filmes** do site (listagem completa de filmes, acessível pelo menu ou pelo título da faixa Filmes na página inicial).",RN-FILMES-002,Atualização gradual do catálogo,"Mudanças no catálogo podem levar alguns minutos para aparecer na página após uma atualização em massa, mesmo sem o usuário fazer nada.",Catálogo alterado recentemente no ambiente de teste.,"Após aguardar alguns minutos e recarregar Filmes, novos títulos ou datas podem surgir.",Registrar um filme de teste; aguardar ~5 min; recarregar Filmes.
02-FILMES.md,"página **Filmes** do site (listagem completa de filmes, acessível pelo menu ou pelo título da faixa Filmes na página inicial).",RN-FILMES-003,Falha no carregamento inicial,"Se a listagem não puder ser montada no primeiro momento, a página continua utilizável.",Simular indisponibilidade temporária do catálogo na abertura.,Página abre sem erro do navegador; grade vazia; filtros sem opções ou vazios; mensagem de “nenhum filme” se aplicável.,Ambiente com catálogo indisponível no primeiro acesso.
02-FILMES.md,"página **Filmes** do site (listagem completa de filmes, acessível pelo menu ou pelo título da faixa Filmes na página inicial).",RN-FILMES-004,Texto do cabeçalho,Título e subtítulo da área são fixos.,Usuário na página Filmes.,"Título **Filmes** e texto sobre cartaz, lançamentos e clássicos no topo.",Ler o cabeçalho da página.
02-FILMES.md,"página **Filmes** do site (listagem completa de filmes, acessível pelo menu ou pelo título da faixa Filmes na página inicial).",RN-FILMES-005,Gaveta O que vem aí,"Bloco horizontal de estreias futuras de filme, acima dos filtros.",Resumo de eventos do site inclui filmes em **próximos lançamentos**.,Seção colapsável **O que vem aí** com carrossel horizontal de cards de filme.,Ambiente com lançamentos futuros; abrir Filmes.
02-FILMES.md,"página **Filmes** do site (listagem completa de filmes, acessível pelo menu ou pelo título da faixa Filmes na página inicial).",RN-FILMES-006,Ações nos cards da gaveta,Favoritar e demais ações do menu ⋮ funcionam igual à grade principal.,Gaveta visível; usuário logado ou visitante conforme regra do card.,Menu e estados de lista refletem na conta quando logado.,Favoritar um filme na gaveta; recarregar logado.
02-FILMES.md,"página **Filmes** do site (listagem completa de filmes, acessível pelo menu ou pelo título da faixa Filmes na página inicial).",RN-FILMES-007,Gaveta Em cartaz,Destaques de filmes **em cartaz** em bloco próprio.,Resumo de eventos traz filmes em **destaques recentes / em cartaz**.,Seção **Em cartaz** com ícone de claquete e carrossel horizontal.,Ambiente com destaques em cartaz; abrir Filmes.
02-FILMES.md,"página **Filmes** do site (listagem completa de filmes, acessível pelo menu ou pelo título da faixa Filmes na página inicial).",RN-FILMES-008,Gavetas carregam após a página,As gavetas podem aparecer um instante depois do restante da página.,Página Filmes recém-aberta.,Primeiro aparecem filtros e grade; em seguida as gavetas (se houver conteúdo).,Abrir Filmes e observar ordem de aparecimento dos blocos.
02-FILMES.md,"página **Filmes** do site (listagem completa de filmes, acessível pelo menu ou pelo título da faixa Filmes na página inicial).",RN-FILMES-009,Atalho Todos os Filmes,Restaura a listagem geral sem curadoria de atalho.,Qualquer outro atalho ativo.,Botão **Todos os Filmes** destacado; grade ampla (ordenada por título).,Clicar **Todos os Filmes**.
02-FILMES.md,"página **Filmes** do site (listagem completa de filmes, acessível pelo menu ou pelo título da faixa Filmes na página inicial).",RN-FILMES-010,Atalho Em Cartaz,Mostra só filmes marcados como em cartaz.,Catálogo com filmes em cartaz e outros.,Grade restrita a títulos em cartaz; contador atualizado.,Clicar **Em Cartaz**; conferir etiquetas nos cards.
02-FILMES.md,"página **Filmes** do site (listagem completa de filmes, acessível pelo menu ou pelo título da faixa Filmes na página inicial).",RN-FILMES-011,Atalho Em Breve,Mostra só estreias futuras curadas como “em breve”.,Filmes em breve e já lançados no catálogo.,Só filmes em breve na grade.,Clicar **Em Breve**.
02-FILMES.md,"página **Filmes** do site (listagem completa de filmes, acessível pelo menu ou pelo título da faixa Filmes na página inicial).",RN-FILMES-012,Atalho Populares,Reordena por popularidade (não alfabético).,Vários filmes com popularidade distinta.,Ordem diferente de **Todos**; títulos mais populares no topo.,Alternar **Todos** e **Populares** e comparar ordem.
02-FILMES.md,"página **Filmes** do site (listagem completa de filmes, acessível pelo menu ou pelo título da faixa Filmes na página inicial).",RN-FILMES-013,Destaque visual do atalho,Só um atalho aparece como selecionado.,Dois ou mais atalhos disponíveis.,Botão ativo com cor primária; demais em fundo neutro.,Clicar cada atalho e observar estilo.
02-FILMES.md,"página **Filmes** do site (listagem completa de filmes, acessível pelo menu ou pelo título da faixa Filmes na página inicial).",RN-FILMES-014,Gênero “Todos”,Não restringe por gênero.,Select em **Todos os Gêneros**.,Grade ampla dentro do atalho ativo.,Escolher todos os gêneros após filtrar um gênero específico.
02-FILMES.md,"página **Filmes** do site (listagem completa de filmes, acessível pelo menu ou pelo título da faixa Filmes na página inicial).",RN-FILMES-015,Nome do gênero no menu,Primeira letra do gênero aparece maiúscula no dropdown.,Lista de gêneros populada.,Ex.: “action” exibido como “Action”.,Abrir select de gênero.
02-FILMES.md,"página **Filmes** do site (listagem completa de filmes, acessível pelo menu ou pelo título da faixa Filmes na página inicial).",RN-FILMES-016,Ano “Todos”,Não restringe por ano de estreia.,**Todos os Anos** selecionado.,Filmes de vários anos na grade.,Resetar ano para todos.
02-FILMES.md,"página **Filmes** do site (listagem completa de filmes, acessível pelo menu ou pelo título da faixa Filmes na página inicial).",RN-FILMES-017,Anos no dropdown,"Anos disponíveis refletem filmes existentes no catálogo, do mais recente para o mais antigo.",Catálogo com vários anos.,Select de ano sem duplicatas; ordem decrescente.,Comparar anos do menu com filmes conhecidos.
02-FILMES.md,"página **Filmes** do site (listagem completa de filmes, acessível pelo menu ou pelo título da faixa Filmes na página inicial).",RN-FILMES-018,Meses em português,Janeiro a dezembro com rótulos em PT-BR.,Select de mês aberto.,Doze meses nomeados corretamente.,Abrir filtro de mês.
02-FILMES.md,"página **Filmes** do site (listagem completa de filmes, acessível pelo menu ou pelo título da faixa Filmes na página inicial).",RN-FILMES-019,Mês “Todos”,Não restringe por mês.,**Todos os Meses**.,Qualquer mês dentro dos demais filtros.,Selecionar todos os meses.
02-FILMES.md,"página **Filmes** do site (listagem completa de filmes, acessível pelo menu ou pelo título da faixa Filmes na página inicial).",RN-FILMES-020,Status traduzido,Opções de status exibem rótulo em português quando o produto conhece o status.,Select de status populado.,"Labels legíveis (ex.: lançado, em produção).",Abrir filtro de status.
02-FILMES.md,"página **Filmes** do site (listagem completa de filmes, acessível pelo menu ou pelo título da faixa Filmes na página inicial).",RN-FILMES-021,Filtro por plataforma,Restringe a filmes disponíveis na plataforma escolhida (streaming).,Netflix (ou outra) selecionada.,Só cards com aquela plataforma nos metadados visíveis.,Filtrar Netflix; abrir detalhe de um card.
02-FILMES.md,"página **Filmes** do site (listagem completa de filmes, acessível pelo menu ou pelo título da faixa Filmes na página inicial).",RN-FILMES-022,Plataformas ordenadas,Nomes de plataforma no select em ordem alfabética.,Várias plataformas no catálogo.,Lista A–Z no dropdown.,Abrir **Todas as Plataformas**.
02-FILMES.md,"página **Filmes** do site (listagem completa de filmes, acessível pelo menu ou pelo título da faixa Filmes na página inicial).",RN-FILMES-023,Filtros sempre clicáveis,Menus de filtro permanecem habilitados durante uso normal.,Página Filmes estável.,Selects não ficam permanentemente desabilitados.,Usar todos os filtros em sequência.
02-FILMES.md,"página **Filmes** do site (listagem completa de filmes, acessível pelo menu ou pelo título da faixa Filmes na página inicial).",RN-FILMES-024,Primeira visita sem “piscar” desnecessário,"Ao abrir Filmes, a grade inicial não dispara um segundo carregamento imediato só por abrir a página.",Primeira visita com catálogo OK.,Conteúdo estável logo após abrir; novo carregamento só ao mudar filtro/atalho.,Abrir Filmes e aguardar sem tocar filtros; observar spinner.
02-FILMES.md,"página **Filmes** do site (listagem completa de filmes, acessível pelo menu ou pelo título da faixa Filmes na página inicial).",RN-FILMES-025,Mudança de filtro recarrega,Qualquer alteração em atalho ou select atualiza a grade.,Filtro ou atalho alterado.,Spinner breve; nova lista e contador.,Trocar gênero ou ano.
02-FILMES.md,"página **Filmes** do site (listagem completa de filmes, acessível pelo menu ou pelo título da faixa Filmes na página inicial).",RN-FILMES-026,Atualização após sync do site,"Quando o site termina uma sincronização de catálogo em segundo plano, a listagem pode atualizar sozinha.",Sync disparada com Filmes aberta.,Cards ou contagem mudam sem F5 manual.,Manter Filmes aberta durante sync no ambiente de teste.
02-FILMES.md,"página **Filmes** do site (listagem completa de filmes, acessível pelo menu ou pelo título da faixa Filmes na página inicial).",RN-FILMES-027,Spinner ao filtrar,"Durante nova busca, a grade some e aparece indicador central.",Filtro alterado com rede normal.,Spinner no lugar do grid até concluir.,Trocar filtro e observar loading.
02-FILMES.md,"página **Filmes** do site (listagem completa de filmes, acessível pelo menu ou pelo título da faixa Filmes na página inicial).",RN-FILMES-028,Contador com total global,"O texto “X filmes encontrados” usa o **total** que corresponde aos filtros, não só os cards visíveis na primeira “página” interna.",Mais de ~48 filmes para o filtro atual.,Contador alto (ex.: 200) com grade mostrando um subconjunto inicial.,Filtro amplo; ler contador vs cards na tela.
02-FILMES.md,"página **Filmes** do site (listagem completa de filmes, acessível pelo menu ou pelo título da faixa Filmes na página inicial).",RN-FILMES-029,Contador em carregamento,"Enquanto recarrega, não mostra número antigo enganoso.",Filtro recém-alterado.,Texto **Carregando...**.,Trocar filtro e ler linha acima da grade.
02-FILMES.md,"página **Filmes** do site (listagem completa de filmes, acessível pelo menu ou pelo título da faixa Filmes na página inicial).",RN-FILMES-030,Grade responsiva,Cards em colunas que aumentam em telas maiores.,Resultados > 0; não loading.,2 a 5 colunas; cards com largura máxima ~210px.,Redimensionar janela do navegador.
02-FILMES.md,"página **Filmes** do site (listagem completa de filmes, acessível pelo menu ou pelo título da faixa Filmes na página inicial).",RN-FILMES-031,Nenhum resultado,Combinação de filtros sem match.,Filtros restritivos.,"Ícone de filtro, título **Nenhum filme encontrado**, sugestão de ajustar filtros.",Aplicar filtro impossível.
02-FILMES.md,"página **Filmes** do site (listagem completa de filmes, acessível pelo menu ou pelo título da faixa Filmes na página inicial).",RN-FILMES-032,Falha ao recarregar no cliente,"Erro ao buscar de novo pode esvaziar a grade ou manter último estado, sem quebrar a página.",Rede cortada ao mudar filtro.,Página continua; grade pode zerar; sem crash.,Desligar rede ao trocar filtro.
02-FILMES.md,"página **Filmes** do site (listagem completa de filmes, acessível pelo menu ou pelo título da faixa Filmes na página inicial).",RN-FILMES-033,Limite inicial de cards na tela,"A grade mostra um lote inicial de filmes (dezenas), não o catálogo inteiro de uma vez.",Filtro amplo com centenas de títulos.,Até ~48 cards visíveis na grade por vez (sem botão “carregar mais” nesta página).,Contar cards com filtro **Todos**.
02-FILMES.md,"página **Filmes** do site (listagem completa de filmes, acessível pelo menu ou pelo título da faixa Filmes na página inicial).",RN-FILMES-034,Cards com informação de streaming,"Quando o filme tem plataformas cadastradas, o card pode exibir ícones/nomes de streaming.",Filme com Netflix/Disney+ etc.,Ícones ou pills de plataforma no card.,Inspecionar card de filme em streaming.
02-FILMES.md,"página **Filmes** do site (listagem completa de filmes, acessível pelo menu ou pelo título da faixa Filmes na página inicial).",RN-FILMES-035,Saga e coleção no card,Filmes parte de saga podem mostrar indício de continuação no card.,Filme com saga cadastrada.,Atalho de saga visível no card (detalhe em modais).,Card de filme conhecido em saga.
02-FILMES.md,"página **Filmes** do site (listagem completa de filmes, acessível pelo menu ou pelo título da faixa Filmes na página inicial).",RN-FILMES-036,Curadoria de exibição padrão,"A listagem pública prioriza filmes “apresentáveis”: com pôster, sinopse e relevância mínima, salvo exceções de cartaz/em breve.",Filme incompleto no catálogo vs filme em cartaz.,Título sem pôster tende a **não** aparecer; em cartaz pode aparecer mesmo com pouca popularidade.,Comparar filme rascunho vs filme em cartaz.
02-FILMES.md,"página **Filmes** do site (listagem completa de filmes, acessível pelo menu ou pelo título da faixa Filmes na página inicial).",RN-FILMES-037,Sem pôster,Filmes sem imagem de pôster não entram na grade padrão.,Filme de teste sem pôster.,Ausente em Filmes com filtros abertos.,Buscar título sem pôster na busca global.
02-FILMES.md,"página **Filmes** do site (listagem completa de filmes, acessível pelo menu ou pelo título da faixa Filmes na página inicial).",RN-FILMES-038,Sem sinopse,"Filmes sem texto de sinopse tendem a ficar de fora, exceto flags de cartaz/em breve.",Filme sem overview.,Ausente na listagem geral.,Validar com dado de teste.
02-FILMES.md,"página **Filmes** do site (listagem completa de filmes, acessível pelo menu ou pelo título da faixa Filmes na página inicial).",RN-FILMES-039,Conteúdo adulto explícito,Filmes marcados como adultos não aparecem na listagem pública.,Filme adulto no catálogo.,Ausente em Filmes.,Buscar título adulto.
02-FILMES.md,"página **Filmes** do site (listagem completa de filmes, acessível pelo menu ou pelo título da faixa Filmes na página inicial).",RN-FILMES-040,Exceção em cartaz ou em breve,Filmes em cartaz ou em breve podem aparecer mesmo com popularidade baixa.,Filme em cartaz com poucos votos.,Presente ao usar atalho **Em Cartaz** ou **Em Breve**.,Testar título em cartaz marginal.
02-FILMES.md,"página **Filmes** do site (listagem completa de filmes, acessível pelo menu ou pelo título da faixa Filmes na página inicial).",RN-FILMES-041,Nota mínima com muitos votos,Filmes com muitas avaliações e nota muito baixa tendem a ser ocultados.,"Filme nota ~5,5 com centenas de votos.",Ausente na listagem geral.,Comparar com filme bem avaliado.
02-FILMES.md,"página **Filmes** do site (listagem completa de filmes, acessível pelo menu ou pelo título da faixa Filmes na página inicial).",RN-FILMES-042,Ano corrente ou futuro mais permissivo,Filtrar pelo **ano atual** (ou futuro) pode incluir estreias ainda sem muita popularidade.,Ano = ano corrente no select.,Estreia futura do ano aparece na grade.,Filtrar ano corrente; procurar estreia futura.
02-FILMES.md,"página **Filmes** do site (listagem completa de filmes, acessível pelo menu ou pelo título da faixa Filmes na página inicial).",RN-FILMES-043,Filtro por ano civil,Ano escolhido limita a estreias daquele ano calendário.,Ano 2020 selecionado.,Só filmes com data de estreia em 2020.,Filtrar 2020 e abrir detalhes de cards.
02-FILMES.md,"página **Filmes** do site (listagem completa de filmes, acessível pelo menu ou pelo título da faixa Filmes na página inicial).",RN-FILMES-044,Filtro por mês,Mês escolhido limita estreias daquele mês (com ano definido ou ano corrente).,Março + ano 2025.,Só estreias de março/2025.,Combinar mês e ano.
02-FILMES.md,"página **Filmes** do site (listagem completa de filmes, acessível pelo menu ou pelo título da faixa Filmes na página inicial).",RN-FILMES-045,Mês sem ano usa ano atual,Só mês selecionado assume o ano de “hoje”.,Mês = mês atual; ano = todos.,Estreias daquele mês no ano corrente.,"Em setembro, filtrar setembro com todos os anos."
02-FILMES.md,"página **Filmes** do site (listagem completa de filmes, acessível pelo menu ou pelo título da faixa Filmes na página inicial).",RN-FILMES-046,Filtro por gênero,Gênero escolhido exige correspondência exata no cadastro do filme.,Gênero Action.,Só filmes daquele gênero.,Filtrar um gênero raro e validar cards.
02-FILMES.md,"página **Filmes** do site (listagem completa de filmes, acessível pelo menu ou pelo título da faixa Filmes na página inicial).",RN-FILMES-047,Filtro por status,"Status escolhido restringe ao estado cadastral (ex.: lançado, cancelado).",Status específico.,Grade coerente com status nos detalhes.,Filtrar status e conferir detalhe.
02-FILMES.md,"página **Filmes** do site (listagem completa de filmes, acessível pelo menu ou pelo título da faixa Filmes na página inicial).",RN-FILMES-048,Só já lançados (catálogo),Regra interna de “lançados”: data de estreia no passado.,Filme futuro vs passado.,Filme futuro não entra em conjuntos que exigem “já lançado” (ex.: comparar com atalho **Em Breve**).,"Estreia futura só em **Em Breve**, não como lançado antigo."
02-FILMES.md,"página **Filmes** do site (listagem completa de filmes, acessível pelo menu ou pelo título da faixa Filmes na página inicial).",RN-FILMES-049,Só futuros (catálogo),Regra interna de “futuros”: estreia hoje ou depois.,Filme passado e futuro.,**Em Breve** alinhado a futuros curados.,Comparar atalhos **Todos** vs **Em Breve**.
02-FILMES.md,"página **Filmes** do site (listagem completa de filmes, acessível pelo menu ou pelo título da faixa Filmes na página inicial).",RN-FILMES-050,Disponibilidade cinema (catálogo),Subconjunto usado em outras áreas para “no cinema”.,Filme só streaming vs em cartaz.,**Em Cartaz** e gaveta **Em cartaz** concentram títulos de cinema.,Validar filme em cartaz nos atalhos/gaveta.
02-FILMES.md,"página **Filmes** do site (listagem completa de filmes, acessível pelo menu ou pelo título da faixa Filmes na página inicial).",RN-FILMES-051,Disponibilidade streaming (catálogo),Subconjunto de títulos com streaming cadastrado.,Filme com plataforma.,Aparece ao filtrar plataforma; etiqueta **No streaming** no card quando aplicável.,Filtrar plataforma + ler etiqueta do card.
02-FILMES.md,"página **Filmes** do site (listagem completa de filmes, acessível pelo menu ou pelo título da faixa Filmes na página inicial).",RN-FILMES-052,Ordem alfabética em “Todos”,"Sem atalho **Populares**, ordem por título.",**Todos os Filmes** ativo.,Primeiros cards em ordem A–Z por título.,Ler primeiros títulos da grade.
02-FILMES.md,"página **Filmes** do site (listagem completa de filmes, acessível pelo menu ou pelo título da faixa Filmes na página inicial).",RN-FILMES-053,Listagem mais ampla que a home,A página Filmes pode mostrar títulos que a faixa Filmes da inicial não mostra.,Concerto/gravação ao vivo cadastrada.,Pode aparecer em Filmes e **não** no carrossel da home.,Comparar mesmo título home vs Filmes.
02-FILMES.md,"página **Filmes** do site (listagem completa de filmes, acessível pelo menu ou pelo título da faixa Filmes na página inicial).",RN-FILMES-054,Opções de filtro só com filmes,Gêneros/plataformas no menu existem porque há pelo menos um filme associado.,Gênero órfão no cadastro interno.,Gênero sem filme **não** aparece no select.,Abrir todos os gêneros e buscar um raro inexistente.
02-FILMES.md,"página **Filmes** do site (listagem completa de filmes, acessível pelo menu ou pelo título da faixa Filmes na página inicial).",RN-FILMES-055,Anos sem duplicata,Cada ano aparece uma vez no filtro de ano.,Vários filmes no mesmo ano.,Ano único no dropdown.,Abrir filtro de ano.
02-FILMES.md,"página **Filmes** do site (listagem completa de filmes, acessível pelo menu ou pelo título da faixa Filmes na página inicial).",RN-FILMES-056,Janela temporal da home,Carrossel da inicial foca lançamentos em janela de anos próximos; Filmes lista histórico amplo.,Filme muito antigo fora da janela da home.,Presente em Filmes com filtros; pode faltar na home.,Filme clássico: Filmes vs home.
02-FILMES.md,"página **Filmes** do site (listagem completa de filmes, acessível pelo menu ou pelo título da faixa Filmes na página inicial).",RN-FILMES-057,Concertos na listagem,"Shows, stand-up e concertos ao vivo podem aparecer aqui.",Título tipo “Live from…”.,Card visível em Filmes; pode faltar no carrossel da home.,Buscar concerto na página Filmes.
02-FILMES.md,"página **Filmes** do site (listagem completa de filmes, acessível pelo menu ou pelo título da faixa Filmes na página inicial).",RN-FILMES-058,Curta-metragem futuro na home,Estreias futuras muito curtas podem ser excluídas do carrossel inicial.,Curta com duração conhecida e estreia futura.,Pode aparecer em Filmes filtrando ano/mês; pode faltar na home.,Comparar home vs Filmes.
02-FILMES.md,"página **Filmes** do site (listagem completa de filmes, acessível pelo menu ou pelo título da faixa Filmes na página inicial).",RN-FILMES-059,Duração mínima só na home,Regra de “filme de estreia” longo para destaque na home não se aplica à listagem Filmes.,Filme futuro curto.,Visível em Filmes se passar curadoria da listagem.,Mesmo título home vs Filmes.
02-FILMES.md,"página **Filmes** do site (listagem completa de filmes, acessível pelo menu ou pelo título da faixa Filmes na página inicial).",RN-FILMES-060,Abrir detalhe pelo card,Clique no card abre painel/modal de detalhe do filme.,Card na grade ou gaveta.,"Modal com sinopse, datas, links.",Clicar poster/título.
02-FILMES.md,"página **Filmes** do site (listagem completa de filmes, acessível pelo menu ou pelo título da faixa Filmes na página inicial).",RN-FILMES-061,Destaques no detalhe,Alguns filmes exibem etiquetas extras (ex.: mais esperado) no detalhe.,Filme elegível a destaque editorial.,Pills no modal além do status normal.,Abrir detalhe de estreia aguardada.
02-FILMES.md,"página **Filmes** do site (listagem completa de filmes, acessível pelo menu ou pelo título da faixa Filmes na página inicial).",RN-FILMES-062,Edição administrativa,Alterações de cadastro feitas por equipe interna não são testadas nesta tela pública.,Conta visitante ou usuário comum.,Comportamento da listagem reflete catálogo já publicado; sem UI de edição aqui.,Confirmar ausência de controles de admin na página Filmes.
02-FILMES.md,"página **Filmes** do site (listagem completa de filmes, acessível pelo menu ou pelo título da faixa Filmes na página inicial).",RN-FILMES-063,Ranking “mais esperados”,"Lista de antecipação de estreias alimenta destaques em outras áreas (ex.: **Em alta** na home), não um bloco dedicado em Filmes.",Estreias próximas no catálogo.,Filmes pode mostrar pills nos cards/detalhe; ranking completo não é seção fixa aqui.,Comparar filme “mais esperado” na home vs Filmes.
02-FILMES.md,"página **Filmes** do site (listagem completa de filmes, acessível pelo menu ou pelo título da faixa Filmes na página inicial).",RN-FILMES-064,Timeline por ano (outras telas),"Navegação mês a mês por carrossel existe na home, não como timeline na página Filmes.",Usuário em Filmes.,"Filmes usa grade + filtros ano/mês, não carrossel temporal contínuo.",Confirmar ausência de carrossel mensal contínuo em Filmes.
02-FILMES.md,"página **Filmes** do site (listagem completa de filmes, acessível pelo menu ou pelo título da faixa Filmes na página inicial).",RN-FILMES-065,Timeline por mês (outras telas),Agrupamento fino por mês no carrossel da home; aqui filtro de mês na grade.,Mês selecionado.,"Grade estática filtrada, não slide por slide de timeline.",Filtrar mês e rolar grade.
02-FILMES.md,"página **Filmes** do site (listagem completa de filmes, acessível pelo menu ou pelo título da faixa Filmes na página inicial).",RN-FILMES-066,Só ano confirmado (outras telas),Blocos “sem data confirmada” aparecem no carrossel da home; em Filmes use filtro de ano e status.,Filme TBA só com ano.,Pode listar com data incompleta nos detalhes; sem separador TBD como na home.,Filme “2027 — data a confirmar” em Filmes vs home.
02-FILMES.md,"página **Filmes** do site (listagem completa de filmes, acessível pelo menu ou pelo título da faixa Filmes na página inicial).",RN-FILMES-067,Contador alinhado ao total filtrado,"Número exibido corresponde ao conjunto filtrado no servidor, não a páginas visuais futuras.",Filtro restritivo.,Contador = quantidade lógica do filtro.,Anotar contador e amostrar busca por título.
02-FILMES.md,"página **Filmes** do site (listagem completa de filmes, acessível pelo menu ou pelo título da faixa Filmes na página inicial).",RN-FILMES-068,Coerência após recarregar,Recarregar a página mantém filtros no estado inicial (não persistem na URL por padrão).,Filtros alterados; F5.,Atalho **Todos** e selects voltam ao padrão; nova carga inicial.,Alterar filtros e recarregar navegador.
09-BUSCA-HEADER.md,"em qualquer página do site com o **cabeçalho** fixo (menu, busca, tema, conta) e/ou com a **busca global** aberta em tela cheia sobre o conteúdo.",RN-HEADER-001,Links principais (desktop),Navegação do catálogo em telas largas.,Janela larga (layout desktop).,"Links visíveis: Filmes, Séries, Animes, Jogos, Continuações, Hoje.",Redimensionar janela; clicar cada link.
09-BUSCA-HEADER.md,"em qualquer página do site com o **cabeçalho** fixo (menu, busca, tema, conta) e/ou com a **busca global** aberta em tela cheia sobre o conteúdo.",RN-HEADER-002,Menu “Mais”,Atalhos secundários.,Desktop.,"Dropdown: Promoções, Eventos, Jogos em Alta, Premiações, Minha Lista (animes), Extensão CR.",Abrir “Mais” e seguir um item.
09-BUSCA-HEADER.md,"em qualquer página do site com o **cabeçalho** fixo (menu, busca, tema, conta) e/ou com a **busca global** aberta em tela cheia sobre o conteúdo.",RN-HEADER-003,Item ativo,Página atual destacada.,Navegar entre seções.,Link da rota atual com estilo primário/negrito; “Mais” destaca se algum sublink está ativo.,Estar em Promoções e olhar o header.
09-BUSCA-HEADER.md,"em qualquer página do site com o **cabeçalho** fixo (menu, busca, tema, conta) e/ou com a **busca global** aberta em tela cheia sobre o conteúdo.",RN-HEADER-004,Abrir busca,Ícone de lupa.,Qualquer página.,Abre overlay; fecha menu mobile se estiver aberto.,Mobile: abrir menu → busca.
09-BUSCA-HEADER.md,"em qualquer página do site com o **cabeçalho** fixo (menu, busca, tema, conta) e/ou com a **busca global** aberta em tela cheia sobre o conteúdo.",RN-HEADER-005,Tema claro/escuro,Alternância visual.,Header visível.,Ícone alterna tema; cores do site mudam.,Clicar sol/lua.
09-BUSCA-HEADER.md,"em qualquer página do site com o **cabeçalho** fixo (menu, busca, tema, conta) e/ou com a **busca global** aberta em tela cheia sobre o conteúdo.",RN-HEADER-006,Notificações,Sino de avisos.,Conta com ou sem notificações.,Abre painel/modal de notificações; badge com contagem (máx. exibição “9+”).,Conta com notificações pendentes.
09-BUSCA-HEADER.md,"em qualquer página do site com o **cabeçalho** fixo (menu, busca, tema, conta) e/ou com a **busca global** aberta em tela cheia sobre o conteúdo.",RN-HEADER-007,Menu do usuário logado,Conta autenticada.,Sessão ativa.,"Opções: Minha lista, Meu perfil, Sair (volta à home após sair).",Logar → menu avatar.
09-BUSCA-HEADER.md,"em qualquer página do site com o **cabeçalho** fixo (menu, busca, tema, conta) e/ou com a **busca global** aberta em tela cheia sobre o conteúdo.",RN-HEADER-008,Visitante (desktop),Sem login em tela média/grande.,Anônimo; layout desktop/tablet largo.,Links Entrar e Inscreva-se visíveis.,Anônimo desktop.
09-BUSCA-HEADER.md,"em qualquer página do site com o **cabeçalho** fixo (menu, busca, tema, conta) e/ou com a **busca global** aberta em tela cheia sobre o conteúdo.",RN-HEADER-009,Menu mobile,Telas estreitas.,Layout mobile.,"Hambúrguer com catálogo, “descobrir” (itens do Mais) e bloco login/lista/perfil.",Testar em viewport mobile.
09-BUSCA-HEADER.md,"em qualquer página do site com o **cabeçalho** fixo (menu, busca, tema, conta) e/ou com a **busca global** aberta em tela cheia sobre o conteúdo.",RN-HEADER-010,Fechar menus,Clique fora.,Dropdown “Mais” ou menu usuário aberto.,Fecha ao clicar fora; overlay escuro fecha menu do usuário.,Abrir dropdown → clicar página.
09-BUSCA-HEADER.md,"em qualquer página do site com o **cabeçalho** fixo (menu, busca, tema, conta) e/ou com a **busca global** aberta em tela cheia sobre o conteúdo.",RN-HEADER-020,Resultado abre detalhe,Card de mídia na busca.,Busca aberta com resultados.,Clicar card abre modal de detalhe e fecha a busca.,Buscar filme → abrir card.
09-BUSCA-HEADER.md,"em qualquer página do site com o **cabeçalho** fixo (menu, busca, tema, conta) e/ou com a **busca global** aberta em tela cheia sobre o conteúdo.",RN-HEADER-021,Retorno da página pessoa,Veio da busca.,Fluxo busca → página pessoa → voltar.,Busca reabre quando o site guardou “voltar para busca”.,Executar RN-BUSCA-021 + voltar do browser ou link voltar.
07-HOJE.md,"página **Hoje** do site (menu principal → Hoje), com panorama editorial do dia: cinema, estreias, streaming e jogos em destaque.",RN-HOJE-001,Conteúdo após abrir a página,Os cards não vêm “prontos” no primeiro instante; a página busca os destaques ao abrir.,Acesso normal à página Hoje.,"Breve estado de carregamento (esqueletos/cards cinza) e, em seguida, faixas preenchidas ou mensagens de vazio/erro.",Abrir Hoje com rede normal; observar transição skeleton → conteúdo.
07-HOJE.md,"página **Hoje** do site (menu principal → Hoje), com panorama editorial do dia: cinema, estreias, streaming e jogos em destaque.",RN-HOJE-002,Data do dia,"A página mostra a data atual em português, junto ao título.",Página carregada com sucesso.,"Linha com ícone de calendário e data por extenso (pt-BR), coerente com o dia de teste.",Comparar data exibida com o relógio do sistema.
07-HOJE.md,"página **Hoje** do site (menu principal → Hoje), com panorama editorial do dia: cinema, estreias, streaming e jogos em destaque.",RN-HOJE-003,Ligar/desligar blocos,O usuário escolhe quais faixas aparecem; a escolha fica salva no navegador.,Mesmo navegador/dispositivo.,"Interruptores ou checkboxes por seção; ao recarregar, as seções desmarcadas continuam ocultas.",Desmarcar “Em cartaz nos cinemas”; F5 → faixa não aparece.
07-HOJE.md,"página **Hoje** do site (menu principal → Hoje), com panorama editorial do dia: cinema, estreias, streaming e jogos em destaque.",RN-HOJE-004,Pelo menos uma seção,Não é possível desativar todas as seções de uma vez.,Resta apenas uma seção marcada.,Tentativa de desmarcar a última é ignorada; continua uma seção ativa.,"Desmarcar cinco seções; na sexta tentativa, a última permanece ligada."
07-HOJE.md,"página **Hoje** do site (menu principal → Hoje), com panorama editorial do dia: cinema, estreias, streaming e jogos em destaque.",RN-HOJE-005,Ordem fixa das faixas,A ordem vertical dos blocos não muda conforme preferências.,Várias seções habilitadas com conteúdo.,"Sempre, de cima para baixo: cinema → estreias da semana → filmes no streaming → séries no streaming → animes em exibição → jogos em destaque (só as habilitadas e com itens).",Habilitar todas; rolar e conferir ordem dos títulos das faixas.
07-HOJE.md,"página **Hoje** do site (menu principal → Hoje), com panorama editorial do dia: cinema, estreias, streaming e jogos em destaque.",RN-HOJE-006,Faixa sem itens some,Seção ligada mas sem títulos para mostrar não ocupa espaço.,Seção habilitada sem destaques naquele dia.,Nenhum título de faixa vazio; bloco inteiro ausente.,Ambiente ou dia em que uma faixa específica vem vazia.
07-HOJE.md,"página **Hoje** do site (menu principal → Hoje), com panorama editorial do dia: cinema, estreias, streaming e jogos em destaque.",RN-HOJE-007,Nada para mostrar,"Todas as faixas visíveis estão vazias, ou o usuário desligou tudo que tinha conteúdo.",Filtros de seção deixam zero cards visíveis.,Mensagem “Nenhum destaque disponível para os filtros selecionados.”,Desmarcar seções que tinham conteúdo até só restarem vazias ou desligar todas as que exibem cards.
07-HOJE.md,"página **Hoje** do site (menu principal → Hoje), com panorama editorial do dia: cinema, estreias, streaming e jogos em destaque.",RN-HOJE-008,Erro ao carregar,Se os destaques não puderem ser obtidos.,Simular falha de rede ou indisponibilidade do serviço.,Mensagem do tipo “Não foi possível carregar o conteúdo de hoje.”,Bloquear rede após abrir a página ou usar ambiente offline.
07-HOJE.md,"página **Hoje** do site (menu principal → Hoje), com panorama editorial do dia: cinema, estreias, streaming e jogos em destaque.",RN-HOJE-009,Esqueletos no carregamento,Enquanto aguarda os dados.,Primeiro acesso ou rede lenta.,Grade com vários placeholders de card (cerca de oito).,Throttle de rede e recarregar Hoje.
07-HOJE.md,"página **Hoje** do site (menu principal → Hoje), com panorama editorial do dia: cinema, estreias, streaming e jogos em destaque.",RN-HOJE-010,Cards iguais ao resto do site,Interações nos cards seguem o mesmo padrão das listagens.,Usuário logado; itens visíveis em uma faixa.,"Favoritar, listas e demais ações do card funcionam como em Filmes/Séries/Animes/Jogos.",Logar; favoritar um filme em “Em cartaz” e conferir em outra tela.
07-HOJE.md,"página **Hoje** do site (menu principal → Hoje), com panorama editorial do dia: cinema, estreias, streaming e jogos em destaque.",RN-HOJE-011,Janela “esta semana”,Destaques de streaming e animes priorizam o que teve lançamento ou episódio nos **últimos 7 dias**.,Títulos com datas conhecidas (estreia ou episódio).,Obra lançada há mais de uma semana tende a não liderar o pool “esta semana”; pode aparecer só se faltar conteúdo recente.,Comparar filme estreando há 8 dias vs filme estreando ontem na faixa de streaming.
07-HOJE.md,"página **Hoje** do site (menu principal → Hoje), com panorama editorial do dia: cinema, estreias, streaming e jogos em destaque.",RN-HOJE-012,Em cartaz nos cinemas,Filmes marcados como em exibição comercial no momento.,Catálogo com filme em cartaz e filme só em streaming.,Até **12** filmes; foco em popularidade entre os em cartaz; obras de baixa qualidade editorial ou mal localizadas tendem a ficar de fora.,Contar cards na faixa cinema; validar que só entram “em cartaz”.
07-HOJE.md,"página **Hoje** do site (menu principal → Hoje), com panorama editorial do dia: cinema, estreias, streaming e jogos em destaque.",RN-HOJE-013,Estreias da semana,Filmes estreando na **semana civil brasileira** corrente.,Filme com estreia BR na semana vs fora da semana.,Até **24** títulos; cards de estreia da semana podem exibir etiqueta de destaque de estreia.,Cruzar com calendário de estreias BR.
07-HOJE.md,"página **Hoje** do site (menu principal → Hoje), com panorama editorial do dia: cinema, estreias, streaming e jogos em destaque.",RN-HOJE-014,Etiquetas em filmes,Alguns filmes ganham destaque visual (estreia da semana ou “mais esperado”).,Filme estreando na semana vs filme futuro aguardado.,Estreia da semana tem prioridade sobre “mais esperado” no mesmo card.,Inspecionar pills nos cards de estreias e estreias futuras.
07-HOJE.md,"página **Hoje** do site (menu principal → Hoje), com panorama editorial do dia: cinema, estreias, streaming e jogos em destaque.",RN-HOJE-015,Filmes no streaming esta semana,"Filmes disponíveis em streaming, não em cartaz, com preferência por lançamentos na última semana.",Pool semanal com menos de 12 títulos.,"Até **12** filmes; se faltarem lançamentos recentes, entram títulos populares em streaming para completar, sem duplicar o mesmo filme.",Dia com poucos lançamentos streaming; ver se lista completa até 12.
07-HOJE.md,"página **Hoje** do site (menu principal → Hoje), com panorama editorial do dia: cinema, estreias, streaming e jogos em destaque.",RN-HOJE-016,Séries no streaming esta semana,"Séries com episódio ou estreia recente na última semana, ou fallback por popularidade.",Série sem episódio na semana mas popular.,Até **12** séries; mescla recentes + fallback.,Série semanal com ep ontem vs série parada há meses.
07-HOJE.md,"página **Hoje** do site (menu principal → Hoje), com panorama editorial do dia: cinema, estreias, streaming e jogos em destaque.",RN-HOJE-017,Animes em exibição (prioridade),Animes **em lançamento** que exibiram episódio na última semana.,Anime em exibição sem ep na semana.,Preferência por quem teve episódio nos últimos 7 dias; ordenação por popularidade e nota.,Anime com ep recente vs anime em hiato.
07-HOJE.md,"página **Hoje** do site (menu principal → Hoje), com panorama editorial do dia: cinema, estreias, streaming e jogos em destaque.",RN-HOJE-018,Animes — completar lista,"Se poucos animes tiveram episódio na semana, a lista completa com outros em exibição ou a estrear.",Poucos episódios recentes no catálogo.,"Até **12** animes no total, sem repetir o mesmo título.",Conferir contagem máxima em dia “fraco” de episódios.
07-HOJE.md,"página **Hoje** do site (menu principal → Hoje), com panorama editorial do dia: cinema, estreias, streaming e jogos em destaque.",RN-HOJE-019,Jogos em destaque,Jogos com maior expectativa ou nota entre os elegíveis.,Catálogo com jogos fracos e fortes.,Até **8** jogos; jogos sem sinal de qualidade tendem a ficar de fora.,Contar faixa; comparar com página Jogos.
07-HOJE.md,"página **Hoje** do site (menu principal → Hoje), com panorama editorial do dia: cinema, estreias, streaming e jogos em destaque.",RN-HOJE-020,Animes mais exigentes que a listagem,Alguns animes marginais aparecem na listagem geral de animes mas não em Hoje.,Anime com nota/popularidade baixa.,Ausente na faixa de animes de Hoje; pode existir na página Animes do menu.,Mesmo título em Animes vs Hoje.
07-HOJE.md,"página **Hoje** do site (menu principal → Hoje), com panorama editorial do dia: cinema, estreias, streaming e jogos em destaque.",RN-HOJE-021,Textos de sinopse,Sinopses exibidas são as já cadastradas no catálogo (sem tradução instantânea na hora da visita).,Abrir detalhe do mesmo título em Hoje e em Filmes.,Mesmo texto de sinopse para a mesma obra.,Abrir modal do filme em Hoje e na listagem Filmes.
07-HOJE.md,"página **Hoje** do site (menu principal → Hoje), com panorama editorial do dia: cinema, estreias, streaming e jogos em destaque.",RN-HOJE-022,Atualização dos destaques,O conjunto de títulos do dia não muda a cada segundo.,Duas visitas no mesmo dia.,Listas podem permanecer estáveis por várias horas até o site atualizar o pacote de “hoje”.,Comparar Hoje de manhã e tarde (mesmo dia).
07-HOJE.md,"página **Hoje** do site (menu principal → Hoje), com panorama editorial do dia: cinema, estreias, streaming e jogos em destaque.",RN-HOJE-023,Falha grave no servidor,Erro interno ao montar os destaques.,Serviço indisponível.,Mesma mensagem de erro de RN-HOJE-008; usuário não vê faixas parciais “quebradas”.,Ambiente de teste com serviço fora.
07-HOJE.md,"página **Hoje** do site (menu principal → Hoje), com panorama editorial do dia: cinema, estreias, streaming e jogos em destaque.",RN-HOJE-024,Seções batem com a tela,Cada faixa visível corresponde a um bloco de destaques (data do dia + listas por tema).,Página carregada com sucesso.,"Seis tipos possíveis: data, estreias da semana, cinema, três faixas streaming (filmes/séries/animes), jogos — conforme preferências e conteúdo.",Conferir títulos das faixas com a tabela abaixo.
01-HOME.md,página inicial do site (primeira tela após abrir o endereço principal).,RN-HOME-001,Ordem das seções,A página segue uma ordem fixa de blocos de cima para baixo.,Página inicial carregada com sucesso.,Do topo para baixo: mensagem de boas-vindas → (opcional) Continuar assistindo → Filmes → Séries → Animes → Jogos.,Abrir a página inicial e rolar devagar; conferir a ordem.
01-HOME.md,página inicial do site (primeira tela após abrir o endereço principal).,RN-HOME-002,Título da faixa leva à listagem,"O nome de cada faixa (Filmes, Séries, etc.) funciona como atalho.",Página inicial visível.,"Ao clicar no título “Filmes”, o usuário vai para a página de listagem de filmes; o mesmo padrão para Séries, Animes e Jogos.",Clicar em cada título de faixa e verificar a página de destino.
01-HOME.md,página inicial do site (primeira tela após abrir o endereço principal).,RN-HOME-003,Página não “quebra” sem conteúdo,"Se no primeiro momento não houver títulos para mostrar, a estrutura da página continua aparecendo.",Simular rede lenta ou catálogo vazio no primeiro carregamento.,Não aparece tela de erro do navegador; faixas e controles continuam; carrosséis podem mostrar placeholders e depois preencher ao rolar.,Throttle de rede ou ambiente de teste vazio; abrir a página inicial.
01-HOME.md,página inicial do site (primeira tela após abrir o endereço principal).,RN-HOME-004,Carregamento tardio das faixas,Filmes e jogos podem começar a buscar mais títulos quando o usuário se aproxima da faixa; séries e animes quando a própria faixa entra na área visível.,Usuário abre a página e fica só no topo (boas-vindas).,"Ao rolar até Filmes/Jogos/Séries/Animes, novos cards ou animação de carregamento podem aparecer; não é obrigatório tudo carregar antes de rolar.","Abrir a página, não rolar: observar rede/atividade; rolar até cada faixa."
01-HOME.md,página inicial do site (primeira tela após abrir o endereço principal).,RN-HOME-AC-001,Dois modos: estreias e semana,A faixa Animes permite alternar entre visão por **temporada/estreias** e **agenda da semana** (por dia).,Faixa Animes visível.,Botões/ícones alternam entre modos; título do carrossel muda (temporada vs dia da semana).,Clicar alternância calendário/lista.
01-HOME.md,página inicial do site (primeira tela após abrir o endereço principal).,RN-HOME-AC-002,Modo inicial automático,"Na **quarta semana em diante** da temporada corrente, a página pode abrir já na agenda semanal; no início da temporada, abre em estreias.",Data de teste no fim vs início da temporada.,Modo inicial diferente; só na primeira visita (escolha manual depois é mantida).,Testar em duas datas da mesma temporada.
01-HOME.md,página inicial do site (primeira tela após abrir o endereço principal).,RN-HOME-AC-003,Estreias: temporada atual,"No modo estreias, título indica estreias da temporada/ano (ex.: “Estreias de Verão 2026”).","Modo estreias, temporada corrente.",Copy com nome da estação e ano.,Ler título da faixa.
01-HOME.md,página inicial do site (primeira tela após abrir o endereço principal).,RN-HOME-AC-004,Estreias: posição inicial,Foco no próximo anime a estrear (ou último já estreado na temporada).,Animes com datas na temporada.,Card central coerente com “próximo” na data de hoje.,Abrir home e ver card central.
01-HOME.md,página inicial do site (primeira tela após abrir o endereço principal).,RN-HOME-AC-005,Agenda semanal: só com episódio marcado,"No modo semana, entram animes que têm **próximo episódio** agendado; agrupados por dia da semana.",Modo semana.,"Separadores “Segunda”, “Terça”, etc., com cards abaixo.",Ativar modo semana em temporada ativa.
01-HOME.md,página inicial do site (primeira tela após abrir o endereço principal).,RN-HOME-AC-006,Agenda: abrir no dia de hoje,"Ao entrar no modo semana, o foco vai para o separador do **dia da semana de hoje**.",Modo semana com episódios na semana.,Separador do dia atual visível/central.,Abrir modo semana no meio da semana.
01-HOME.md,página inicial do site (primeira tela após abrir o endereço principal).,RN-HOME-AC-007,Trocar temporada,"Setas mudam ano/temporada (Inverno, Primavera, Verão, Outono).",Modo estreias.,Novos cards após breve carregamento se a temporada ainda não estava aberta.,Avançar para próxima temporada.
01-HOME.md,página inicial do site (primeira tela após abrir o endereço principal).,RN-HOME-AC-008,Em alta em animes,Modo destaque lista animes populares (sem eixo de temporada).,Em alta ligado na faixa Animes.,Lista por popularidade; filtros de formato/adulto aplicados na exibição.,Toggle Em alta em Animes.
01-HOME.md,página inicial do site (primeira tela após abrir o endereço principal).,RN-HOME-AC-009,Fixar na semana (logado),Usuário logado pode fixar anime no menu do card para destacar na semana.,"Logado, card de anime.",Opção no menu ⋮; ícone de pin no card quando fixado.,Fixar e ver pin.
01-HOME.md,página inicial do site (primeira tela após abrir o endereço principal).,RN-HOME-AC-010,Loop na agenda semanal,"No modo semana, a rolagem pode ser contínua (volta ao início).",Modo semana ativo.,Comportamento de carrossel em loop (diferente do modo estreias).,Rolar até o fim no modo semana.
01-HOME.md,página inicial do site (primeira tela após abrir o endereço principal).,RN-HOME-CA-001,Bloco só para usuário logado,A faixa “Continuar assistindo” não aparece para visitante.,Usuário **não** está logado.,Nenhum bloco “Continuar assistindo” entre o hero e Filmes.,Abrir a página em anônimo.
01-HOME.md,página inicial do site (primeira tela após abrir o endereço principal).,RN-HOME-CA-002,Bloco oculto sem itens,"Se o usuário logado não tem nada para continuar, a faixa some.","Logado, sem animes em progresso na lista.",Seção ausente.,Conta sem itens “continuar”/“seguir”.
01-HOME.md,página inicial do site (primeira tela após abrir o endereço principal).,RN-HOME-CA-003,Até dez títulos,"Quando há itens, no máximo dez cards na faixa horizontal.",Logado com mais de dez animes em progresso.,Só os dez primeiros (ordem de uso recente) aparecem na home.,Conta com 11+ itens; contar cards.
01-HOME.md,página inicial do site (primeira tela após abrir o endereço principal).,RN-HOME-CA-004,Card mostra temporada e episódio,Cada card exibe temporada e número do episódio.,Pelo menos um item na faixa.,Texto no formato “S{n} · E{n}” (temporada e episódio).,Ler um card qualquer.
01-HOME.md,página inicial do site (primeira tela após abrir o endereço principal).,RN-HOME-CA-005,Tempo restante,"Se houver tempo restante do episódio, aparece texto “Restam …”.",Item com progresso parcial no episódio.,Linha com tempo restante abaixo do título.,Item com episódio pela metade.
01-HOME.md,página inicial do site (primeira tela após abrir o endereço principal).,RN-HOME-CA-006,Abrir no streaming,"Se o sistema tem link do Crunchyroll para aquele item, o clique abre em nova aba.",Item com link de streaming associado.,Nova aba do navegador no serviço de streaming.,Clicar card com link.
01-HOME.md,página inicial do site (primeira tela após abrir o endereço principal).,RN-HOME-CA-007,Sem link vai à minha lista,"Sem link externo, o clique leva à área de animes da minha lista.",Item sem URL de streaming.,Navega para minha lista de animes na mesma aba.,Clicar card sem link externo.
01-HOME.md,página inicial do site (primeira tela após abrir o endereço principal).,RN-HOME-CA-008,“Ver todos”,Link no canto da faixa leva à listagem completa de animes da minha lista.,Faixa visível.,Abre minha lista de animes.,Clicar “Ver todos”.
01-HOME.md,página inicial do site (primeira tela após abrir o endereço principal).,RN-HOME-CARD-001,Abrir detalhe,Toque/clique no card abre painel de detalhe do título (modal).,Card visível.,"Modal com sinopse, datas, links, etc.",Clicar poster/título.
01-HOME.md,página inicial do site (primeira tela após abrir o endereço principal).,RN-HOME-CARD-002,Menu ⋮,Botão de três pontos abre menu de ações sem sair da home.,Card visível.,"Menu com favoritar, quero assistir, etc.",Abrir menu.
01-HOME.md,página inicial do site (primeira tela após abrir o endereço principal).,RN-HOME-CARD-003,Fechar menu ao clicar fora,Clicar fora do menu fecha o menu.,Menu aberto.,Menu some.,Clicar área vazia.
01-HOME.md,página inicial do site (primeira tela após abrir o endereço principal).,RN-HOME-CARD-004,Favoritar / quero assistir,Ações gravam na conta do usuário quando logado.,Logado.,Estado ativo reflete no menu; indicador no card se aplicável.,Favoritar e recarregar página logado.
01-HOME.md,página inicial do site (primeira tela após abrir o endereço principal).,RN-HOME-CARD-005,Visitante não grava,"Sem login, ações de lista pedem entrada na conta (mensagem).",Não logado.,Aviso; nada salvo.,Favoritar deslogado.
01-HOME.md,página inicial do site (primeira tela após abrir o endereço principal).,RN-HOME-CARD-006,Acompanhando (série/anime),Opção extra para série e anime.,Card série ou anime.,Item “Acompanhando” no menu.,Abrir menu em série.
01-HOME.md,página inicial do site (primeira tela após abrir o endereço principal).,RN-HOME-CARD-007,Já assisti / já joguei,Só disponível se o título **já foi lançado** (data de lançamento no passado).,Filme/jogo futuro.,Opção desabilitada ou sem efeito.,Tentar em estreia futura.
01-HOME.md,página inicial do site (primeira tela após abrir o endereço principal).,RN-HOME-CARD-008,Avaliar ao marcar visto,"Ao marcar já assisti/joguei em título lançado, abre fluxo de **nota** antes de concluir.","Lançado, logado.",Modal de avaliação.,Marcar já assisti em filme antigo.
01-HOME.md,página inicial do site (primeira tela após abrir o endereço principal).,RN-HOME-CARD-009,Etiqueta de status — filme,Ordem de prioridade visual: **Pré-venda** → **Em cartaz** → **No streaming** (após lançamento) → **Em breve**.,Filmes com flags diferentes.,Uma etiqueta principal por card.,Comparar filme em cartaz vs streaming.
01-HOME.md,página inicial do site (primeira tela após abrir o endereço principal).,RN-HOME-CARD-010,Etiqueta — série/anime,**Novo ep** (24h) → **Em exibição** → **Em breve** → **No streaming**.,Episódio exibido há menos de 24h.,“NOVO EP” visível.,Testar dia após estreia de ep.
01-HOME.md,página inicial do site (primeira tela após abrir o endereço principal).,RN-HOME-CARD-011,Novo ep: regra de 24h,“Novo ep” usa data do último episódio (série) ou regra equivalente no anime.,Ep entre 1h e 24h atrás.,Etiqueta presente; após 24h some.,Esperar ou simular data.
01-HOME.md,página inicial do site (primeira tela após abrir o endereço principal).,RN-HOME-CARD-012,Dublagem no anime,"Texto **Dublado** ou **Legendado** vem da informação oficial do título, não da lista de elenco no card.",Anime com dublagem BR cadastrada.,“Dublado” no card.,Comparar com título só legendado.
01-HOME.md,página inicial do site (primeira tela após abrir o endereço principal).,RN-HOME-CARD-013,Contagem para próximo episódio,Rodapé do card pode mostrar contagem regressiva para o próximo episódio.,Série/anime com próximo ep futuro.,Texto com dias/horas; abaixo de 1 dia atualiza mais frequentemente.,Card com ep amanhã vs hoje à noite.
01-HOME.md,página inicial do site (primeira tela após abrir o endereço principal).,RN-HOME-CARD-014,Saga em filme,Filme parte de saga pode mostrar atalho para página de continuações.,Filme com saga.,Link de saga; clique **não** abre o modal (só o link).,Clicar saga vs poster.
01-HOME.md,página inicial do site (primeira tela após abrir o endereço principal).,RN-HOME-CARD-015,Conteúdo adulto no poster,Poster de título adulto aparece desfocado até passar o mouse (desktop) ou interação equivalente.,Título marcado adulto ainda permitido.,Blur no poster.,Hover no card adulto.
01-HOME.md,página inicial do site (primeira tela após abrir o endereço principal).,RN-HOME-CARD-016,Indicador na minha lista,"Logado com favorito/quero/acompanhando, o card pode mostrar marca visual de lista.",Logado com item na lista.,Borda ou pill de destaque.,Favoritar e olhar o card.
01-HOME.md,página inicial do site (primeira tela após abrir o endereço principal).,RN-HOME-CARD-017,Ocultar título,“Não me interessa” remove o título das recomendações pessoais conforme política da conta.,Logado.,Título some das listas personalizadas subsequentes.,Ocultar e buscar de novo.
01-HOME.md,página inicial do site (primeira tela após abrir o endereço principal).,RN-HOME-CON-001,Foco em lançamentos recentes e próximos,Os três carrosséis priorizam títulos com data de lançamento (ou equivalente) nos **últimos 90 dias** e até o **fim do mês seguinte** ao mês atual — não uma lista infinita de clássicos antigos.,Data de teste conhecida; título com estreia há mais de 90 dias só por reestreia antiga.,Título muito antigo fora dessa janela **não** aparece no carrossel temporal (pode existir em outras páginas do site).,Comparar título reestreia antiga na home vs página Filmes.
01-HOME.md,página inicial do site (primeira tela após abrir o endereço principal).,RN-HOME-CON-002,Filmes: sem shows e concertos na faixa,"Gravações de show, stand-up e concertos ao vivo não devem aparecer nos carrosséis de lançamento da home.",Catálogo com filme de concerto cadastrado.,Ausente na faixa Filmes da home.,Buscar concerto na página Filmes; verificar ausência na home.
01-HOME.md,página inicial do site (primeira tela após abrir o endereço principal).,RN-HOME-CON-003,Filmes: curta duração futura,Filmes de estreia futura com duração conhecida muito curta (abaixo do padrão de “filme de cinema”) não entram na seleção inicial da home.,Filme futuro com duração de curta-metragem conhecida.,Não aparece no carrossel inicial de filmes.,Validar com título de teste curto.
01-HOME.md,página inicial do site (primeira tela após abrir o endereço principal).,RN-HOME-CON-004,Filmes: destaques no card,Alguns filmes exibem etiqueta extra (ex.: “mais esperado”) conforme regras editoriais do produto.,Filme elegível a destaque na semana/mês.,Pill ou etiqueta no card além do status normal.,Comparar cards em destaque na mídia.
01-HOME.md,página inicial do site (primeira tela após abrir o endereço principal).,RN-HOME-CON-005,Séries: data do próximo episódio,"Série em exibição com episódio futuro aparece posicionada na **data do próximo episódio**, não só na estreia original da série.",Série com próximo episódio marcado para data futura.,Card na faixa Séries alinhado ao mês/dia do próximo ep ao rolar a timeline.,Série semanal com ep na sexta; conferir posição na sexta.
01-HOME.md,página inicial do site (primeira tela após abrir o endereço principal).,RN-HOME-CON-006,Séries: episódio recente,"Se não há episódio futuro, mas houve episódio nos últimos 90 dias, a série continua na timeline nessa data recente.",Episódio exibido há poucos dias.,Card ainda visível ao navegar no passado recente do carrossel.,Série que estreou ep ontem.
01-HOME.md,página inicial do site (primeira tela após abrir o endereço principal).,RN-HOME-CON-007,Jogos: plataformas no card,Cards de jogos mostram ícones de até quatro plataformas quando disponíveis.,Jogo com várias plataformas.,Até quatro ícones visíveis no card.,Inspecionar card de jogo multiplataforma.
01-HOME.md,página inicial do site (primeira tela após abrir o endereço principal).,RN-HOME-CON-008,Jogos pouco relevantes,"Jogos sem nenhum sinal de interesse (nota, seguidores, expectativa) tendem a não aparecer na seleção da home.",Jogo obscuro no catálogo.,Ausente na faixa Jogos da home.,Comparar com página Jogos.
01-HOME.md,página inicial do site (primeira tela após abrir o endereço principal).,RN-HOME-CON-009,Conteúdo adulto explícito em animes,Animes classificados como conteúdo adulto explícito (ex.: hentai) não aparecem na faixa Animes da home.,Título adulto no catálogo geral.,Ausente na home; pode ou não aparecer em outras áreas conforme política do site.,Buscar título adulto; verificar home.
01-HOME.md,página inicial do site (primeira tela após abrir o endereço principal).,RN-HOME-CON-010,Animes da temporada e agenda,"Na faixa Animes entram títulos da temporada corrente, estreias no mês atual/próximo ou com episódio previsto nas **próximas três semanas**.",Anime fora de temporada e sem episódio próximo.,Pode não aparecer no carregamento inicial.,Anime antigo fora de exibição.
01-HOME.md,página inicial do site (primeira tela após abrir o endereço principal).,RN-HOME-EA-001,Ativar Em alta,Botão/controle “Em alta” na faixa troca a lista para destaques de popularidade/expectativa.,"Faixa Filmes, Séries ou Jogos.",Timeline por mês some; cards em ordem de “em alta”; sem separadores de ano TBD.,Clicar Em alta na faixa Filmes.
01-HOME.md,página inicial do site (primeira tela após abrir o endereço principal).,RN-HOME-EA-002,Filmes em alta ≠ populares da página Filmes,"A lista “Em alta” na home de **filmes** usa critério de **mais esperados** (antecipação de estreia), não o mesmo botão “Populares” da página Filmes.",Modo Em alta em Filmes na home.,Ordem/conjunto pode diferir da página Filmes → Populares.,Comparar os mesmos dias home Em alta vs página Filmes Populares.
01-HOME.md,página inicial do site (primeira tela após abrir o endereço principal).,RN-HOME-EA-003,Séries e jogos em alta,"Em Séries e Jogos, Em alta mostra títulos em destaque por popularidade/relevância do catálogo.",Modo Em alta ativo.,Lista fixa (~dezena de títulos) sem navegação por mês.,Ativar Em alta em Séries.
01-HOME.md,página inicial do site (primeira tela após abrir o endereço principal).,RN-HOME-EA-004,Início da lista,"Ao ativar Em alta, o carrossel vai para o **primeiro** card da lista em alta.",Toggle ligado.,Primeiro slide visível.,Ativar e ver posição.
01-HOME.md,página inicial do site (primeira tela após abrir o endereço principal).,RN-HOME-EA-005,Desativar volta à timeline,"Ao desligar Em alta, o carrossel retorna ao modo data e reposiciona no contexto de “hoje”.",Estava em Em alta.,Modo mês retorna; foco próximo lançamento.,Ligar e desligar Em alta.
01-HOME.md,página inicial do site (primeira tela após abrir o endereço principal).,RN-HOME-EA-006,Gênero em Em alta,Filtro de gênero continua disponível e lista só títulos em alta daquele gênero.,Em alta com vários gêneros.,Dropdown coerente com cards visíveis.,Filtrar gênero em Em alta.
01-HOME.md,página inicial do site (primeira tela após abrir o endereço principal).,RN-HOME-HERO-001,Botão “Começar agora”,O botão principal leva o usuário à faixa de filmes na mesma página.,Página inicial no topo.,"Ao clicar, a página rola suavemente até a seção Filmes; o endereço do navegador **não** precisa mudar de página.",Clicar “Começar agora” e verificar scroll até Filmes.
01-HOME.md,página inicial do site (primeira tela após abrir o endereço principal).,RN-HOME-HERO-002,Link “Ver jogos em alta”,O segundo botão abre a área de promoções com foco em jogos em destaque.,Página inicial no topo.,Abre a página de promoções já na aba/visualização de jogos em alta.,Clicar no link e conferir aba/conteúdo de em alta.
01-HOME.md,página inicial do site (primeira tela após abrir o endereço principal).,RN-HOME-SHELL-001,Menu superior e busca,"Cabeçalho do site (busca, conta, tema) está presente na home e funciona igual às outras páginas.",Qualquer estado de login.,Busca abre overlay; login leva à entrada.,Usar busca e menu no topo.
01-HOME.md,página inicial do site (primeira tela após abrir o endereço principal).,RN-HOME-SHELL-002,Sem popup de “consentimento +18”,Conteúdo adulto é tratado com blur e exclusão de alguns títulos; **não** há janela modal pedindo aceite de conteúdo adulto só na home.,Título adulto permitido.,"Apenas blur/exclusão, sem popup dedicado.",Navegar home com título adulto.
01-HOME.md,página inicial do site (primeira tela após abrir o endereço principal).,RN-HOME-TBD-001,Separador de ano sem dia,"Após os títulos com dia definido, o carrossel pode mostrar bloco “Lançamentos de [ano] — sem data confirmada”.",Existem títulos com ano mas sem dia/mês confirmado.,Cartão separador + cards desses títulos **depois** da parte datada.,Rolar até o fim da timeline datada em Filmes.
01-HOME.md,página inicial do site (primeira tela após abrir o endereço principal).,RN-HOME-TBD-002,Título ao focar TBD,"Ao parar em um separador ou card “só ano”, o título superior usa a frase de ano sem data confirmada.",Usuário focou slide TBD.,Texto “sem data confirmada” no cabeçalho do carrossel.,Focar separador de ano.
01-HOME.md,página inicial do site (primeira tela após abrir o endereço principal).,RN-HOME-TBD-003,Anos futuros na fila,São reservados espaços para anos do ano corrente até alguns anos à frente (blocos podem ir enchendo ao rolar).,Carrossel em modo timeline (não “Em alta”).,"Ao avançar meses/anos, aparecem novos blocos TBD conforme o ano.",Rolar até virada de ano no carrossel.
01-HOME.md,página inicial do site (primeira tela após abrir o endereço principal).,RN-HOME-TL-001,Título do mês no carrossel,Acima dos cards de Filmes/Séries/Jogos aparece um título do tipo “Lançamentos de [mês] de [ano]” conforme o card central/focado.,Carrossel carregado com pelo menos um título datado.,Texto em português com mês por extenso.,Abrir faixa Filmes e ler o título superior.
01-HOME.md,página inicial do site (primeira tela após abrir o endereço principal).,RN-HOME-TL-002,Abrir no próximo lançamento,"Ao carregar, o carrossel posiciona o foco no **primeiro título com data hoje ou futura** dentro da janela de 90 dias.",Existe estreia futura na faixa.,"Card central (ou focado) é o próximo lançamento, não o primeiro da lista histórica.",Abrir home em dia com estreias futuras; ver qual card está ao centro.
01-HOME.md,página inicial do site (primeira tela após abrir o endereço principal).,RN-HOME-TL-003,Sem futuro: último lançado,"Se não há mais nenhuma data futura na lista carregada, o foco vai para o **último título já lançado** (ainda dentro dos 90 dias).",Só passado recente na faixa.,Foco no lançamento mais recente já ocorrido.,Testar em dia sem estreias futuras carregadas.
01-HOME.md,página inicial do site (primeira tela após abrir o endereço principal).,RN-HOME-TL-004,Série/anime: data do episódio,"Para séries (e posicionamento equivalente quando o card traz “próximo episódio”), a data usada na timeline é a do **próximo episódio**, se for hoje ou futuro.",Card com “próximo episódio” visível.,"Posição no carrossel coerente com a data do episódio, não só estreia da série.",Série com nova temporada distante mas ep semanal próximo.
01-HOME.md,página inicial do site (primeira tela após abrir o endereço principal).,RN-HOME-TL-005,Placeholders no início,"Antes de calcular a posição, o usuário pode ver cartões cinza/esqueleto centralizados.",Primeiro acesso ou rede lenta.,Até ~10 placeholders; depois substituídos por cards reais na posição correta.,Recarregar com rede lenta na faixa Filmes.
01-HOME.md,página inicial do site (primeira tela após abrir o endereço principal).,RN-HOME-TL-006,Rolagem horizontal,O usuário desliza ou usa setas para ver títulos anteriores e posteriores no tempo.,Faixa com vários cards.,Movimento horizontal; card central em destaque (anel/foco).,Arrastar carrossel e usar setas laterais.
01-HOME.md,página inicial do site (primeira tela após abrir o endereço principal).,RN-HOME-TL-007,Ctrl + roda do mouse,"Com tecla Ctrl pressionada, a roda do mouse no carrossel avança/volta slides (em desktop).","Desktop, foco na faixa.",Carrossel muda de slide com Ctrl+scroll.,Testar em navegador desktop.
01-HOME.md,página inicial do site (primeira tela após abrir o endereço principal).,RN-HOME-TL-008,Carregar meses ao navegar,"Ao chegar perto do fim ou início de um mês no carrossel, o sistema busca títulos do mês seguinte ou anterior.",Usuário rola vários meses para frente ou para trás.,Novos cards aparecem; título do mês no topo atualiza.,Rolar rapidamente 3–4 meses à frente.
01-HOME.md,página inicial do site (primeira tela após abrir o endereço principal).,RN-HOME-TL-009,Não “pular” ao puxar o passado,"Ao incluir meses mais antigos no início da lista, a posição visual do card que o usuário estava vendo se mantém.",Usuário no meio do carrossel; sistema carrega mês anterior.,O mesmo título permanece em foco (sem salto brusco).,Rolar para trás até disparar carga de mês anterior.
01-HOME.md,página inicial do site (primeira tela após abrir o endereço principal).,RN-HOME-TL-010,Setas de mudança de mês,Controles permitem saltar para o próximo/anterior **mês** com títulos (até um limite de meses vazios seguidos).,Carrossel com navegação por mês habilitada.,"Avanço/retrocesso por mês; após vários meses sem título, para de avançar em vazio.",Clicar setas de mês repetidamente.
01-HOME.md,página inicial do site (primeira tela após abrir o endereço principal).,RN-HOME-TL-011,Filtro por gênero,Menu de filtro na faixa restringe os cards ao gênero escolhido.,Vários gêneros na faixa.,Só cards daquele gênero; lista de gêneros reflete o que existe nos cards carregados.,"Abrir filtro, escolher um gênero."
01-HOME.md,página inicial do site (primeira tela após abrir o endereço principal).,RN-HOME-TL-012,Troca de gênero reposiciona,"Ao mudar o gênero, o carrossel recalcula e volta a focar no “próximo lançamento” **dentro do filtro**.",Filtro alterado com resultados.,Posição inicial coerente com o subconjunto filtrado.,Filtrar gênero raro e observar card central.
01-HOME.md,página inicial do site (primeira tela após abrir o endereço principal).,RN-HOME-TL-013,Scroll rápido (ícone raio),Opção global de “scroll rápido” acelera a animação do carrossel e antecipa carregamento ao se aproximar da borda do mês.,Usuário ativa ícone de raio/Zap no controle da faixa (se visível).,Transições mais rápidas; mais cards pré-carregados ao rolar forte.,Ligar/desligar e comparar velocidade.
01-HOME.md,página inicial do site (primeira tela após abrir o endereço principal).,RN-HOME-UPD-001,Atualizar após sincronização do catálogo,"Quando o site recebe atualização em massa de títulos (em segundo plano), as faixas da home podem **atualizar sozinhas** sem o usuário recarregar a página.",Ambiente onde sync/disparo de atualização ocorre.,Cards novos ou datas alteradas após evento.,"Após sync, manter home aberta e observar."
01-HOME.md,página inicial do site (primeira tela após abrir o endereço principal).,RN-HOME-UPD-002,Falha na atualização silenciosa,"Se a atualização automática falhar, a home mantém o que já estava na tela.",Falha de rede na atualização.,Sem mensagem obrigatória; conteúdo antigo permanece.,Cortar rede após sync.
05-JOGOS.md,- **Página Jogos** — listagem completa de jogos (menu ou faixa Jogos na inicial).,RN-JOGOS-001,Conteúdo na abertura,Grade e filtros já vêm na abertura.,Catálogo OK.,Cards e selects visíveis.,Abrir Jogos.
05-JOGOS.md,- **Página Jogos** — listagem completa de jogos (menu ou faixa Jogos na inicial).,RN-JOGOS-002,Falha na abertura,Indisponibilidade não quebra a página.,Catálogo down.,Grade vazia; filtros vazios possíveis.,Simular falha inicial.
05-JOGOS.md,- **Página Jogos** — listagem completa de jogos (menu ou faixa Jogos na inicial).,RN-JOGOS-003,Sem recarga duplicada na abertura,Abrir Jogos não dispara loading extra imediato após a primeira pintura.,Primeira visita OK.,Estável até mudar filtro.,Abrir e aguardar.
05-JOGOS.md,- **Página Jogos** — listagem completa de jogos (menu ou faixa Jogos na inicial).,RN-JOGOS-004,Filtros aplicados,"Gênero, plataforma, modo de jogo, ano e mês restringem a grade.",Valores específicos selecionados.,Lista coerente (ex.: só PlayStation).,Alterar cada filtro.
05-JOGOS.md,- **Página Jogos** — listagem completa de jogos (menu ou faixa Jogos na inicial).,RN-JOGOS-005,Mês sem ano explícito,Só mês selecionado usa o **ano corrente** para lançamentos daquele mês.,Março + todos os anos.,Jogos lançados em março do ano atual.,Filtrar mês atual.
05-JOGOS.md,- **Página Jogos** — listagem completa de jogos (menu ou faixa Jogos na inicial).,RN-JOGOS-006,Mês com ano,Mês + ano restringem ao intervalo daquele mês/ano.,Junho 2023.,Só lançamentos de jun/2023.,Combinar mês e ano.
05-JOGOS.md,- **Página Jogos** — listagem completa de jogos (menu ou faixa Jogos na inicial).,RN-JOGOS-007,Ordem alfabética,"Sem controle “populares” na UI, ordem por nome do jogo.",Filtros em todos.,A–Z nos primeiros cards.,Ler primeiros títulos.
05-JOGOS.md,- **Página Jogos** — listagem completa de jogos (menu ou faixa Jogos na inicial).,RN-JOGOS-008,Popularidade (catálogo interno),"Modo “populares” existe no catálogo, **sem** botão nesta página.",—,Usuário só vê ordem alfabética aqui.,Confirmar ausência de atalho Populares.
05-JOGOS.md,- **Página Jogos** — listagem completa de jogos (menu ou faixa Jogos na inicial).,RN-JOGOS-009,Listagem mais permissiva que destaques,Jogos “fracos” (pouco hype/nota) podem aparecer em Jogos mas **não** em **Em Alta** ou algumas faixas da home.,Jogo obscuro.,Visível em Jogos; ausente em Em Alta.,Comparar mesma busca.
05-JOGOS.md,- **Página Jogos** — listagem completa de jogos (menu ou faixa Jogos na inicial).,RN-JOGOS-010,Lote inicial na grade,~dezenas de cards visíveis; sem “carregar mais”.,Catálogo grande.,Até ~48 cards; contador segue cards visíveis (como Animes).,Contar cards vs contador.
05-JOGOS.md,- **Página Jogos** — listagem completa de jogos (menu ou faixa Jogos na inicial).,RN-JOGOS-011,Gaveta O que vem aí,Próximos lançamentos de jogos em carrossel.,Resumo com **próximos jogos**.,Seção **O que vem aí** acima dos filtros.,Ambiente com jogos futuros.
05-JOGOS.md,- **Página Jogos** — listagem completa de jogos (menu ou faixa Jogos na inicial).,RN-JOGOS-012,Gaveta Eventos recentes,"Destaques de eventos de games (ex.: State of Play, Nintendo Direct).",Resumo com **eventos recentes**.,Seção **Eventos recentes** com cards de evento empilhados.,Ambiente com eventos no resumo.
05-JOGOS.md,- **Página Jogos** — listagem completa de jogos (menu ou faixa Jogos na inicial).,RN-JOGOS-013,"Loading, contador e vazio",Spinner ao filtrar; contador = quantidade na grade; empty **Nenhum jogo encontrado**.,Filtro vazio ou OK.,Comportamento igual padrão Animes.,Filtro impossível e amplo.
05-JOGOS.md,- **Página Jogos** — listagem completa de jogos (menu ou faixa Jogos na inicial).,RN-JOGOS-014,Atualização após sync,Sync pode atualizar grade com página aberta.,Sync em andamento.,Cards mudam sem F5.,Manter Jogos aberta.
05-JOGOS.md,- **Página Jogos** — listagem completa de jogos (menu ou faixa Jogos na inicial).,RN-JOGOS-015,Opções de filtro,"Gêneros, plataformas, modos e anos refletem jogos cadastrados; anos decrescentes.",Catálogo variado.,Menus populados coerentemente.,Abrir cada select.
05-JOGOS.md,- **Página Jogos** — listagem completa de jogos (menu ou faixa Jogos na inicial).,RN-JOGOS-016,Preço Steam no detalhe/card,"Quando o jogo tem página na Steam, preço em reais pode aparecer após carregar (não instantâneo na grade).",Jogo com Steam cadastrado.,Preço BRL ou indicador de carregamento no detalhe/card conforme produto.,Abrir jogo Steam conhecido.
05-JOGOS.md,- **Página Jogos** — listagem completa de jogos (menu ou faixa Jogos na inicial).,RN-JOGOS-017,Redirect para Promoções,URL antiga não tem conteúdo próprio.,Usuário acessa **/jogos-em-alta**.,"Navegador vai para **Promoções**, aba **Em Alta**.",Digitar URL legada.
05-JOGOS.md,- **Página Jogos** — listagem completa de jogos (menu ou faixa Jogos na inicial).,RN-JOGOS-018,Menu do site,Atalho **Jogos em Alta** no cabeçalho/rodapé aponta para o mesmo destino.,Menu visível.,Clique abre Promoções na aba Em Alta.,Clicar item de menu.
05-JOGOS.md,- **Página Jogos** — listagem completa de jogos (menu ou faixa Jogos na inicial).,RN-JOGOS-019,Quem entra no ranking,Destaques semanais priorizam jogos recentes ou com hype/nota mínima; jogos antigos sem interesse ficam de fora.,Jogo lançado há meses sem destaque.,Ausente do **Top da Semana**.,Comparar jogo antigo vs lançamento recente.
05-JOGOS.md,- **Página Jogos** — listagem completa de jogos (menu ou faixa Jogos na inicial).,RN-JOGOS-020,Top da Semana,"Até **12** jogos em grade; os **três primeiros** com badge **#1**, **#2**, **#3**.",Pool de destaques não vazio.,Seção **Top da Semana** aberta por padrão.,Contar cards e badges.
05-JOGOS.md,- **Página Jogos** — listagem completa de jogos (menu ou faixa Jogos na inicial).,RN-JOGOS-021,Mais jogados na Steam,Faixa horizontal só se houver dados de jogadores simultâneos.,Jogos Steam com pico de jogadores.,Seção **Mais jogados na Steam** com carrossel.,Ambiente com dados Steam.
05-JOGOS.md,- **Página Jogos** — listagem completa de jogos (menu ou faixa Jogos na inicial).,RN-JOGOS-022,Promoções Steam (dados),Descontos Steam fortes entram no pacote de dados de Em Alta; **não** há seção separada dedicada na UI atual (ofertas Steam aparecem principalmente na aba Promoções).,Jogos com desconto alto na Steam.,Verificar ofertas na aba **Promoções** / carrossel catálogo Steam.,Comparar jogo em promo Steam entre abas.
05-JOGOS.md,- **Página Jogos** — listagem completa de jogos (menu ou faixa Jogos na inicial).,RN-JOGOS-023,Por plataforma,Blocos PC → Xbox → PlayStation → Nintendo; até **8** jogos por bloco; bloco vazio mostra mensagem amigável.,Jogos multiplataforma.,"Switch só no bloco Nintendo, etc.",Ler seções por plataforma.
05-JOGOS.md,- **Página Jogos** — listagem completa de jogos (menu ou faixa Jogos na inicial).,RN-JOGOS-024,Por modo de jogo,"Multijogador, cooperativo, um jogador — até 8 jogos; bloco vazio com texto explicativo.",Jogos co-op.,Título listado em **Cooperativo** quando aplicável.,Achar jogo co-op conhecido.
05-JOGOS.md,- **Página Jogos** — listagem completa de jogos (menu ou faixa Jogos na inicial).,RN-JOGOS-025,Por categoria (gênero),Até **6** gêneros com **pelo menos 2** jogos; até 8 jogos por gênero.,Gênero com 1 só jogo.,Gênero singleton **não** vira seção.,Contar seções de gênero.
05-JOGOS.md,- **Página Jogos** — listagem completa de jogos (menu ou faixa Jogos na inicial).,RN-JOGOS-026,Semana e métrica (modo completo),"Fora do modo compacto da aba Promoções, texto indica semana corrente e fontes (Steam + IGDB ou só IGDB).",Abrir Em Alta em contexto que mostra cabeçalho longo (se existir rota dedicada futura).,"Na aba Promoções (**compact**), semana/métrica longa **oculta**; banner de promoções visível.",Abrir `/promocoes?tab=em-alta`.
05-JOGOS.md,- **Página Jogos** — listagem completa de jogos (menu ou faixa Jogos na inicial).,RN-JOGOS-027,Modo compacto na aba Promoções,"Dentro de Promoções, Em Alta usa layout resumido: skeleton de 6 cards, banner para **Promoções ao vivo**, sem bloco grande de semana/métrica.",Aba **Em Alta** em Promoções.,Banner “Ofertas ao vivo…” + link **Ver promoções ao vivo**; grade compacta.,Abrir aba Em Alta.
05-JOGOS.md,- **Página Jogos** — listagem completa de jogos (menu ou faixa Jogos na inicial).,RN-JOGOS-028,Erro ao carregar,Falha ao montar Em Alta.,Catálogo/indisponibilidade simulada.,Mensagem **Não foi possível carregar os jogos em alta.**,Simular falha.
05-JOGOS.md,- **Página Jogos** — listagem completa de jogos (menu ou faixa Jogos na inicial).,RN-JOGOS-029,Conteúdo estável por sessão,Lista Em Alta não muda a cada segundo; atualiza ao reabrir aba/página.,Aba aberta.,Mesmos blocos durante navegação curta; recarregar pode atualizar.,Ficar na aba; depois F5.
10-MINHA-LISTA.md,"área **Minha Lista** do site (menu do usuário, menu “Mais” ou atalhos equivalentes), exclusiva para quem entrou na conta.",RN-LISTA-001,Rotas exigem login,Qualquer área sob Minha Lista.,Visitante não autenticado.,"Redirecionamento para tela de **Entrar**, com retorno para a página que tentou abrir após login bem-sucedido.",Anônimo tenta abrir lista de animes pelo menu.
10-MINHA-LISTA.md,"área **Minha Lista** do site (menu do usuário, menu “Mais” ou atalhos equivalentes), exclusiva para quem entrou na conta.",RN-LISTA-002,Camada de UX,O site barra acesso visual cedo; ações sensíveis ainda dependem da sessão válida.,Visitante vs logado.,Sem login não vê conteúdo da lista; logado vê dados pessoais.,Comparar anônimo (redirect) vs logado.
10-MINHA-LISTA.md,"área **Minha Lista** do site (menu do usuário, menu “Mais” ou atalhos equivalentes), exclusiva para quem entrou na conta.",RN-LISTA-010,Quatro tipos de mídia,Página inicial da Minha Lista.,Usuário logado.,"Cards: Animes, Filmes, Séries, Jogos; **somente Animes** leva a uma lista ativa hoje.",Clicar Animes vs Filmes.
10-MINHA-LISTA.md,"área **Minha Lista** do site (menu do usuário, menu “Mais” ou atalhos equivalentes), exclusiva para quem entrou na conta.",RN-LISTA-011,“Em breve”,Tipos ainda não disponíveis.,Hub aberto.,"Filmes, Séries e Jogos aparecem esmaecidos, sem link, com selo “Em breve”.",Tentar clicar Filmes no hub.
10-MINHA-LISTA.md,"área **Minha Lista** do site (menu do usuário, menu “Mais” ou atalhos equivalentes), exclusiva para quem entrou na conta.",RN-LISTA-012,Mensagem orientadora,Copy da página.,Hub aberto.,Texto explicando que a organização começa pelos animes.,Ler texto introdutório.
10-MINHA-LISTA.md,"área **Minha Lista** do site (menu do usuário, menu “Mais” ou atalhos equivalentes), exclusiva para quem entrou na conta.",RN-LISTA-020,Abas Catálogo vs Fila,Barra local em subpáginas.,Logado em Minha Lista.,Links “Catálogo Orbe” (hub) e “Fila Crunchyroll”; aba atual destacada.,Alternar entre hub e fila.
10-MINHA-LISTA.md,"área **Minha Lista** do site (menu do usuário, menu “Mais” ou atalhos equivalentes), exclusiva para quem entrou na conta.",RN-LISTA-021,Animes fora da barra,Acesso à lista de animes.,Logado.,"A lista de animes não aparece na barra lateral; acesso via hub, header “Mais” ou atalhos.",Confirmar links da nav vs entrada por animes.
10-MINHA-LISTA.md,"área **Minha Lista** do site (menu do usuário, menu “Mais” ou atalhos equivalentes), exclusiva para quem entrou na conta.",RN-LISTA-030,Exige login na tela,Renderização client-side.,Sessão expirada na página.,Redireciona para Entrar; nada da lista é mostrado.,Abrir rota futura sem cookie.
10-MINHA-LISTA.md,"área **Minha Lista** do site (menu do usuário, menu “Mais” ou atalhos equivalentes), exclusiva para quem entrou na conta.",RN-LISTA-031,Carregar lista pessoal,Dados do usuário.,Logado.,Grid de obras conforme filtros; falha de permissão → Entrar.,Aplicar filtros e recarregar.
10-MINHA-LISTA.md,"área **Minha Lista** do site (menu do usuário, menu “Mais” ou atalhos equivalentes), exclusiva para quem entrou na conta.",RN-LISTA-032,Filtro por status,Abas de estado.,Lista com itens variados.,"Abas: Tudo, Quero assistir, Acompanhando, Favoritos, Assistidos/jogados.",Clicar cada aba.
10-MINHA-LISTA.md,"área **Minha Lista** do site (menu do usuário, menu “Mais” ou atalhos equivalentes), exclusiva para quem entrou na conta.",RN-LISTA-033,Filtro por tipo,Chips de mídia.,Lista mista.,"Chips: todos, filme, série, anime, jogo restringem o grid.",Filtrar só jogos.
10-MINHA-LISTA.md,"área **Minha Lista** do site (menu do usuário, menu “Mais” ou atalhos equivalentes), exclusiva para quem entrou na conta.",RN-LISTA-034,Itens ocultos,Status “oculto” / não me interessa.,Itens marcados como ocultos.,Não aparecem na lista visível.,Marcar “não me interessa” e voltar à lista.
10-MINHA-LISTA.md,"área **Minha Lista** do site (menu do usuário, menu “Mais” ou atalhos equivalentes), exclusiva para quem entrou na conta.",RN-LISTA-035,Status ao vivo,Alterações recentes nos cards.,Mudar status em outra tela sem recarregar.,Lista reflete ação mais recente do usuário sobre o card.,Favoritar na home → abrir minha lista.
10-MINHA-LISTA.md,"área **Minha Lista** do site (menu do usuário, menu “Mais” ou atalhos equivalentes), exclusiva para quem entrou na conta.",RN-LISTA-036,Aviso de itens faltantes,Obras salvas fora do catálogo atual.,Conta com referências antigas.,Mensagem com quantidade de itens não encontrados no catálogo.,Conta de teste com `missingCount` se existir.
10-MINHA-LISTA.md,"área **Minha Lista** do site (menu do usuário, menu “Mais” ou atalhos equivalentes), exclusiva para quem entrou na conta.",RN-LISTA-037,Listas vazias,Sem itens ou filtro sem match.,Lista vazia vs filtros restritivos.,Mensagens diferentes para “nada na lista” vs “nenhum item neste filtro”.,Zerar filtros vs filtro impossível.
10-MINHA-LISTA.md,"área **Minha Lista** do site (menu do usuário, menu “Mais” ou atalhos equivalentes), exclusiva para quem entrou na conta.",RN-LISTA-040,Visitante,Fallback se a página carregar sem sessão.,Usuário não logado (cenário raro nesta rota).,CTA “Entrar no Orbe”; em fluxo normal o redirect de RN-LISTA-001 ocorre antes.,Validar RN-LISTA-001; esta regra cobre mensagem na página se aplicável.
10-MINHA-LISTA.md,"área **Minha Lista** do site (menu do usuário, menu “Mais” ou atalhos equivalentes), exclusiva para quem entrou na conta.",RN-LISTA-041,Carregar ao abrir,Lista de animes pessoal.,Logado.,"Ao entrar na página, lista e estados carregam automaticamente.",Abrir animes logado.
10-MINHA-LISTA.md,"área **Minha Lista** do site (menu do usuário, menu “Mais” ou atalhos equivalentes), exclusiva para quem entrou na conta.",RN-LISTA-042,Última sincronização,Informação de frescor dos dados.,Conta com/sem sync prévia.,Data/hora da última sync ou texto de nunca sincronizado.,Conta nova vs conta com extensão.
10-MINHA-LISTA.md,"área **Minha Lista** do site (menu do usuário, menu “Mais” ou atalhos equivalentes), exclusiva para quem entrou na conta.",RN-LISTA-043,Ações da barra,Ferramentas no topo.,Página animes.,"Botões: atualizar lista, importar backup de arquivo, importar demo (ambiente QA).",Clicar atualizar; importar arquivo demo se disponível.
10-MINHA-LISTA.md,"área **Minha Lista** do site (menu do usuário, menu “Mais” ou atalhos equivalentes), exclusiva para quem entrou na conta.",RN-LISTA-044,Banners informativos,Topo da página.,Página carregada.,Banners de offline e opt-in de notificações push quando aplicável.,Simular offline; ver banner.
10-MINHA-LISTA.md,"área **Minha Lista** do site (menu do usuário, menu “Mais” ou atalhos equivalentes), exclusiva para quem entrou na conta.",RN-LISTA-045,Painel da extensão,Integração Crunchyroll.,Página animes.,Bloco com status da extensão do navegador e opção de verificar de novo.,Com/sem extensão instalada.
10-MINHA-LISTA.md,"área **Minha Lista** do site (menu do usuário, menu “Mais” ou atalhos equivalentes), exclusiva para quem entrou na conta.",RN-LISTA-046,Filtros da watchlist,Abas locais.,Lista com vários estados.,"Abas: todos, em andamento (continuar/seguir), começar, terminado, dublagem PT-BR; contagens por aba.",Alternar abas e contar itens.
10-MINHA-LISTA.md,"área **Minha Lista** do site (menu do usuário, menu “Mais” ou atalhos equivalentes), exclusiva para quem entrou na conta.",RN-LISTA-047,Lista vazia orientada,Sem animes na lista.,Zero itens.,Mensagem e CTAs diferentes se extensão instalada (conectar) vs não instalada (instalar).,Conta vazia com/sem extensão.
10-MINHA-LISTA.md,"área **Minha Lista** do site (menu do usuário, menu “Mais” ou atalhos equivalentes), exclusiva para quem entrou na conta.",RN-LISTA-048,Remover item,Exclusão de um anime.,Item na lista.,Diálogo de confirmação do navegador antes de remover.,Remover um título → cancelar e confirmar.
10-MINHA-LISTA.md,"área **Minha Lista** do site (menu do usuário, menu “Mais” ou atalhos equivalentes), exclusiva para quem entrou na conta.",RN-LISTA-049,Editar progresso,Temporada/episódio assistido.,Item com progresso.,Modal de edição; salvar atualiza card.,Editar S2 E5 → salvar.
10-MINHA-LISTA.md,"área **Minha Lista** do site (menu do usuário, menu “Mais” ou atalhos equivalentes), exclusiva para quem entrou na conta.",RN-LISTA-050,Feedback de sync/import,Após atualizar ou importar.,Operação concluída.,Banner verde ou vermelho com opção fechar.,Sync com sucesso e com erro.
10-MINHA-LISTA.md,"área **Minha Lista** do site (menu do usuário, menu “Mais” ou atalhos equivalentes), exclusiva para quem entrou na conta.",RN-LISTA-051,Modo offline,Sem rede após já ter dados.,Lista já carregada uma vez.,Itens anteriores permanecem visíveis offline quando possível.,Carregar → offline → recarregar.
10-MINHA-LISTA.md,"área **Minha Lista** do site (menu do usuário, menu “Mais” ou atalhos equivalentes), exclusiva para quem entrou na conta.",RN-LISTA-052,Backup antigo,Import de arquivo legado.,Arquivo backup formato antigo.,Campos normalizados (identificadores e status antigos mapeados) após import.,Importar backup legado de QA.
10-MINHA-LISTA.md,"área **Minha Lista** do site (menu do usuário, menu “Mais” ou atalhos equivalentes), exclusiva para quem entrou na conta.",RN-LISTA-053,Adicionar do catálogo,Inclusão manual.,Logado.,Fluxo “adicionar do catálogo Orbe” refresca a lista após incluir.,Adicionar anime pelo catálogo interno.
10-MINHA-LISTA.md,"área **Minha Lista** do site (menu do usuário, menu “Mais” ou atalhos equivalentes), exclusiva para quem entrou na conta.",RN-LISTA-060,Exige login,Mesmo padrão das demais rotas.,Anônimo.,Redirect para Entrar.,Abrir fila sem login.
10-MINHA-LISTA.md,"área **Minha Lista** do site (menu do usuário, menu “Mais” ou atalhos equivalentes), exclusiva para quem entrou na conta.",RN-LISTA-061,Ordem da fila,Prioridade de assistir.,Logado com fila populada.,Ordem: **Continuar** → **A seguir** → **Começar** (conforme descrição no cabeçalho da página).,Validar ordem dos blocos/linhas.
10-MINHA-LISTA.md,"área **Minha Lista** do site (menu do usuário, menu “Mais” ou atalhos equivalentes), exclusiva para quem entrou na conta.",RN-LISTA-062,Estados especiais,Espera de dublagem ou episódio.,Itens nesses estados.,Rótulos em destaque âmbar para “esperando dublagem” e “esperando episódio”.,Itens de teste nesses estados.
10-MINHA-LISTA.md,"área **Minha Lista** do site (menu do usuário, menu “Mais” ou atalhos equivalentes), exclusiva para quem entrou na conta.",RN-LISTA-063,Dicas de catálogo CR,Texto auxiliar por linha.,Item na fila.,"Resumo de episódios no ar, dublados PT-BR e fronteira sub/dub quando existir.",Ler hint sob um anime.
10-MINHA-LISTA.md,"área **Minha Lista** do site (menu do usuário, menu “Mais” ou atalhos equivalentes), exclusiva para quem entrou na conta.",RN-LISTA-064,Trilha de áudio,Informação de legenda vs dublagem.,Item com metadados.,Linha com temporada/ep e “Trilha PT-BR” ou “Leg/sub”.,Comparar anime dub vs sub.
10-MINHA-LISTA.md,"área **Minha Lista** do site (menu do usuário, menu “Mais” ou atalhos equivalentes), exclusiva para quem entrou na conta.",RN-LISTA-065,Abrir detalhe,Clique na linha.,Anime ligado ao catálogo Orbe.,Abre modal de detalhe do anime.,Clicar linha com anime resolvido.
10-MINHA-LISTA.md,"área **Minha Lista** do site (menu do usuário, menu “Mais” ou atalhos equivalentes), exclusiva para quem entrou na conta.",RN-LISTA-066,Ajuda extensão,Orientação na página.,Página fila.,Link para watchlist Crunchyroll e nota sobre filtro de dublagem PT-BR no popup da extensão.,Ler bloco de instruções.
10-MINHA-LISTA.md,"área **Minha Lista** do site (menu do usuário, menu “Mais” ou atalhos equivalentes), exclusiva para quem entrou na conta.",RN-LISTA-070,Login para interagir,"Favoritar, listas, etc.",Anônimo em tela que mostra cards (ex. após bug).,Toast pedindo login; ação não conclui.,Deslogar e tentar favoritar na lista.
10-MINHA-LISTA.md,"área **Minha Lista** do site (menu do usuário, menu “Mais” ou atalhos equivalentes), exclusiva para quem entrou na conta.",RN-LISTA-071,Significado dos status,Menu do card.,Logado.,"Favorito, quero assistir, acompanhando; “não me interessa” oculta da lista principal.",Aplicar cada status.
10-MINHA-LISTA.md,"área **Minha Lista** do site (menu do usuário, menu “Mais” ou atalhos equivalentes), exclusiva para quem entrou na conta.",RN-LISTA-072,Acompanhando só anime/série,Opção no menu.,Card de filme vs anime.,“Acompanhando” oferecido para anime e série; não para filme/jogo da mesma forma.,Abrir menu em filme e anime.
08-MODAIS.md,"sobreposição (modal) de detalhes de uma mídia — filme, série, anime ou jogo — aberta a partir de cards em listagens, busca, home, Hoje, prêmios, etc.",RN-MODAL-001,Só abre com mídia válida,O modal de detalhe exige tipo e obra reconhecidos.,Clique em card de mídia suportada.,Overlay e conteúdo aparecem; tipos não suportados não abrem modal.,"Abrir filme, série, anime e jogo a partir de cards."
08-MODAIS.md,"sobreposição (modal) de detalhes de uma mídia — filme, série, anime ou jogo — aberta a partir de cards em listagens, busca, home, Hoje, prêmios, etc.",RN-MODAL-002,Fechar ao mudar de página,Se o usuário vai para outra página do site com o modal aberto.,Modal aberto; clicar link do menu ou digitar outra URL interna.,Modal fecha; a nova página carrega normalmente (sem “voltar” extra inesperado).,"Com modal aberto, ir para Filmes pelo header."
08-MODAIS.md,"sobreposição (modal) de detalhes de uma mídia — filme, série, anime ou jogo — aberta a partir de cards em listagens, busca, home, Hoje, prêmios, etc.",RN-MODAL-003,Detalhes ao abrir,"Ao abrir, a tela busca informações completas da obra.",Abrir modal pela primeira vez para um título.,"Breve loading; depois sinopse, elenco, links etc. mais completos que no card.",Abrir modal e comparar dados com o card.
08-MODAIS.md,"sobreposição (modal) de detalhes de uma mídia — filme, série, anime ou jogo — aberta a partir de cards em listagens, busca, home, Hoje, prêmios, etc.",RN-MODAL-004,Falha ao buscar detalhes,Se a busca de detalhes falhar.,Rede instável ou título problemático.,Modal ainda mostra o que já vinha do card; raramente tela de erro se não houver nenhum dado.,Simular offline após abrir modal.
08-MODAIS.md,"sobreposição (modal) de detalhes de uma mídia — filme, série, anime ou jogo — aberta a partir de cards em listagens, busca, home, Hoje, prêmios, etc.",RN-MODAL-005,Botão voltar do navegador,O modal participa do histórico do navegador.,Modal aberto em desktop/mobile.,"Fechar pelo X, clique fora ou Esc pode voltar uma entrada no histórico; botão “voltar” do browser fecha o modal.",Abrir modal → botão voltar do navegador.
08-MODAIS.md,"sobreposição (modal) de detalhes de uma mídia — filme, série, anime ou jogo — aberta a partir de cards em listagens, busca, home, Hoje, prêmios, etc.",RN-MODAL-006,Rolagem da página de fundo,Enquanto o modal está aberto.,Modal visível.,"A página atrás não rola (scroll bloqueado); ao fechar, rolagem normal volta.",Tentar rolar a listagem com modal aberto.
08-MODAIS.md,"sobreposição (modal) de detalhes de uma mídia — filme, série, anime ou jogo — aberta a partir de cards em listagens, busca, home, Hoje, prêmios, etc.",RN-MODAL-007,Clique fora fecha,Clicar na área escura fora do card.,Modal aberto.,Modal fecha.,Clicar no backdrop.
08-MODAIS.md,"sobreposição (modal) de detalhes de uma mídia — filme, série, anime ou jogo — aberta a partir de cards em listagens, busca, home, Hoje, prêmios, etc.",RN-MODAL-008,Tecla Esc fecha,Teclado com foco na página.,Modal aberto (desktop).,Esc fecha o modal.,Pressionar Esc.
08-MODAIS.md,"sobreposição (modal) de detalhes de uma mídia — filme, série, anime ou jogo — aberta a partir de cards em listagens, busca, home, Hoje, prêmios, etc.",RN-MODAL-009,Premiações no topo,Obra com prêmios cadastrados.,Filme/série/etc. com lista de premiações.,Bloco de prêmios acima do restante do conteúdo.,Abrir título premiado conhecido.
08-MODAIS.md,"sobreposição (modal) de detalhes de uma mídia — filme, série, anime ou jogo — aberta a partir de cards em listagens, busca, home, Hoje, prêmios, etc.",RN-MODAL-010,Modo edição (administrador),Conta com perfil administrador.,Usuário admin; modal aberto.,Botão de editar visível; alterna para formulários de curadoria; visitante/usuário comum não vê editar.,Logar como admin vs usuário normal.
08-MODAIS.md,"sobreposição (modal) de detalhes de uma mídia — filme, série, anime ou jogo — aberta a partir de cards em listagens, busca, home, Hoje, prêmios, etc.",RN-MODAL-011,Conteúdo por tipo,Cada tipo de mídia tem layout próprio.,Abrir os quatro tipos.,"Filme, série, anime e jogo mostram blocos adequados (streaming, temporadas, plataformas, etc.).",Quatro modais distintos.
08-MODAIS.md,"sobreposição (modal) de detalhes de uma mídia — filme, série, anime ou jogo — aberta a partir de cards em listagens, busca, home, Hoje, prêmios, etc.",RN-MODAL-012,Carregando detalhes,Entre abrir e receber dados completos.,Rede lenta.,Indicador de carregamento com mensagem fixa.,Throttle ao abrir modal.
08-MODAIS.md,"sobreposição (modal) de detalhes de uma mídia — filme, série, anime ou jogo — aberta a partir de cards em listagens, busca, home, Hoje, prêmios, etc.",RN-MODAL-013,Busca fecha ao abrir detalhe,Busca global aberta; usuário abre um card.,Overlay de busca visível.,Busca fecha; modal de detalhe fica por cima.,Buscar título → clicar resultado.
08-MODAIS.md,"sobreposição (modal) de detalhes de uma mídia — filme, série, anime ou jogo — aberta a partir de cards em listagens, busca, home, Hoje, prêmios, etc.",RN-MODAL-020,Exige login,Adicionar ao calendário pessoal.,Usuário **não** logado.,Mensagem de erro (toast); submodal de calendário fecha.,Anônimo → tentar adicionar evento.
08-MODAIS.md,"sobreposição (modal) de detalhes de uma mídia — filme, série, anime ou jogo — aberta a partir de cards em listagens, busca, home, Hoje, prêmios, etc.",RN-MODAL-021,Opções por tipo,"Tipos de evento variam conforme filme, anime, série ou jogo.",Logado; modal de cada tipo.,"Filme: estreia e/ou sessão de cinema (data, hora, local). Anime: estreia e/ou lembretes semanais. Série e jogo: estreia única.",Percorrer fluxo calendário em filme e anime.
08-MODAIS.md,"sobreposição (modal) de detalhes de uma mídia — filme, série, anime ou jogo — aberta a partir de cards em listagens, busca, home, Hoje, prêmios, etc.",RN-MODAL-022,Lembretes semanais (anime/série),Opção recorrente para anime ou série.,Logado; escolher recorrência semanal.,"Vários eventos espaçados (~7 dias), conforme quantidade de episódios informada ou padrão (~12).",Criar série de lembretes e conferir quantidade.
08-MODAIS.md,"sobreposição (modal) de detalhes de uma mídia — filme, série, anime ou jogo — aberta a partir de cards em listagens, busca, home, Hoje, prêmios, etc.",RN-MODAL-023,Estreia sem data,Evento de lançamento sem data conhecida.,Obra sem data de estreia.,Aviso; nada é salvo; modal fecha.,Título sem data → “lançamento”.
08-MODAIS.md,"sobreposição (modal) de detalhes de uma mídia — filme, série, anime ou jogo — aberta a partir de cards em listagens, busca, home, Hoje, prêmios, etc.",RN-MODAL-024,Ingresso de cinema,Evento tipo sessão/ingresso.,Filme com formulário de cinema preenchido.,"Evento com data, hora e local informados.",Preencher e salvar sessão.
08-MODAIS.md,"sobreposição (modal) de detalhes de uma mídia — filme, série, anime ou jogo — aberta a partir de cards em listagens, busca, home, Hoje, prêmios, etc.",RN-MODAL-025,Confirmação de salvamento,Eventos válidos enviados.,Logado; dados completos.,Toast de sucesso ou erro após tentativa de salvar.,Salvar evento válido e inválido.
08-MODAIS.md,"sobreposição (modal) de detalhes de uma mídia — filme, série, anime ou jogo — aberta a partir de cards em listagens, busca, home, Hoje, prêmios, etc.",RN-MODAL-026,Botão calendário em filme futuro,Botão “Adicionar ao Calendário” no filme.,Filme com estreia **futura** vs já lançado.,Botão visível só enquanto a estreia ainda não passou.,Filme futuro vs lançado.
08-MODAIS.md,"sobreposição (modal) de detalhes de uma mídia — filme, série, anime ou jogo — aberta a partir de cards em listagens, busca, home, Hoje, prêmios, etc.",RN-MODAL-030,Abrir pelo card,"Atalho no card, não pelo menu genérico de lista.",Card de mídia já lançada.,Abre modal de avaliação; desabilitado se a obra ainda não lançou.,Título futuro vs lançado → botão “Já assisti/joguei”.
08-MODAIS.md,"sobreposição (modal) de detalhes de uma mídia — filme, série, anime ou jogo — aberta a partir de cards em listagens, busca, home, Hoje, prêmios, etc.",RN-MODAL-031,Marca como assistido/jogado,Após enviar avaliação.,Logado; modal de rating aberto.,Status passa a “assistido” (inclusive para jogos).,Avaliar jogo e conferir status na lista.
08-MODAIS.md,"sobreposição (modal) de detalhes de uma mídia — filme, série, anime ou jogo — aberta a partir de cards em listagens, busca, home, Hoje, prêmios, etc.",RN-MODAL-032,Campos da avaliação,Usuário escolhe sentimento e comentário opcional.,Modal aberto.,Opções do tipo gostei / amei / não gostei; campo de texto opcional.,Enviar com e sem comentário.
08-MODAIS.md,"sobreposição (modal) de detalhes de uma mídia — filme, série, anime ou jogo — aberta a partir de cards em listagens, busca, home, Hoje, prêmios, etc.",RN-MODAL-033,Login obrigatório,Tentativa sem sessão.,Não logado.,Toast de aviso; modal fecha sem salvar.,Anônimo → avaliar.
08-MODAIS.md,"sobreposição (modal) de detalhes de uma mídia — filme, série, anime ou jogo — aberta a partir de cards em listagens, busca, home, Hoje, prêmios, etc.",RN-MODAL-040,Título e pôster,Exibição prioriza textos e imagens curados quando existirem.,Filme com título/pôster alternativos no catálogo.,Título e arte coerentes com curadoria do site.,Comparar com listagem.
08-MODAIS.md,"sobreposição (modal) de detalhes de uma mídia — filme, série, anime ou jogo — aberta a partir de cards em listagens, busca, home, Hoje, prêmios, etc.",RN-MODAL-041,Onde assistir,Provedores de streaming e cinema.,Filme com e sem provedores.,"Lista de serviços (sem duplicatas óbvias); se nada conhecido, texto “Desconhecido”.",Filme só cinema vs só streaming.
08-MODAIS.md,"sobreposição (modal) de detalhes de uma mídia — filme, série, anime ou jogo — aberta a partir de cards em listagens, busca, home, Hoje, prêmios, etc.",RN-MODAL-042,Ingresso,Compra ou sessões de cinema.,"Filme em cartaz, pré-venda ou com sessões.",Botão de ingresso conforme disponibilidade; compra habilitada só quando há sessões confirmadas.,Filme em cartaz com/sem sessões.
08-MODAIS.md,"sobreposição (modal) de detalhes de uma mídia — filme, série, anime ou jogo — aberta a partir de cards em listagens, busca, home, Hoje, prêmios, etc.",RN-MODAL-043,Trailer,Vídeos disponíveis para o filme.,Filme com trailer oficial e alternativos.,Prioriza trailer oficial; senão primeiro trailer; senão outro vídeo.,Abrir filme com vários vídeos.
08-MODAIS.md,"sobreposição (modal) de detalhes de uma mídia — filme, série, anime ou jogo — aberta a partir de cards em listagens, busca, home, Hoje, prêmios, etc.",RN-MODAL-044,Elenco → página da pessoa,Clique em ator/equipe.,Elenco listado.,"Vai para página da pessoa; modal de filme fecha; ao voltar, fluxo de retorno pode reabrir o filme (quando aplicável).",Clicar nome no elenco → voltar.
08-MODAIS.md,"sobreposição (modal) de detalhes de uma mídia — filme, série, anime ou jogo — aberta a partir de cards em listagens, busca, home, Hoje, prêmios, etc.",RN-MODAL-045,Continuações no filme,Abas extras no modal.,Filme com sequências ou universo.,Aba “Continuação” e/ou “Universo” com obras relacionadas.,Filme de franquia conhecida.
08-MODAIS.md,"sobreposição (modal) de detalhes de uma mídia — filme, série, anime ou jogo — aberta a partir de cards em listagens, busca, home, Hoje, prêmios, etc.",RN-MODAL-050,Onde assistir,Mescla fontes de plataforma de streaming.,Série com vários provedores.,Lista deduplicada de serviços.,Inspecionar bloco streaming.
08-MODAIS.md,"sobreposição (modal) de detalhes de uma mídia — filme, série, anime ou jogo — aberta a partir de cards em listagens, busca, home, Hoje, prêmios, etc.",RN-MODAL-051,Elenco → pessoa,Mesmo padrão do filme.,Elenco presente.,"Navega para a página da pessoa; ao voltar, o modal da série pode reabrir quando o site guardou esse retorno.",Clicar ator.
08-MODAIS.md,"sobreposição (modal) de detalhes de uma mídia — filme, série, anime ou jogo — aberta a partir de cards em listagens, busca, home, Hoje, prêmios, etc.",RN-MODAL-052,Calendário na série,Botão explícito de calendário na UI de série.,Modal de série aberto.,Não há botão dedicado igual ao de filme futuro; calendário pode existir por outros fluxos conforme produto.,Procurar botão calendário na série.
08-MODAIS.md,"sobreposição (modal) de detalhes de uma mídia — filme, série, anime ou jogo — aberta a partir de cards em listagens, busca, home, Hoje, prêmios, etc.",RN-MODAL-053,Continuações,Abas de franquia/universo.,Série ligada a universo compartilhado.,Abas de continuação/universo como no filme.,Série MCU/DCEU etc.
08-MODAIS.md,"sobreposição (modal) de detalhes de uma mídia — filme, série, anime ou jogo — aberta a partir de cards em listagens, busca, home, Hoje, prêmios, etc.",RN-MODAL-060,Sinopse legível,Texto da sinopse sem códigos ou formatação estranha visíveis.,Anime com sinopse rica ou vazia.,"Texto limpo; se ausente, “(não informado)”.",Abrir anime cuja sinopse venha com formatação na origem.
08-MODAIS.md,"sobreposição (modal) de detalhes de uma mídia — filme, série, anime ou jogo — aberta a partir de cards em listagens, busca, home, Hoje, prêmios, etc.",RN-MODAL-061,Fixar na semana,Usuário logado.,Conta autenticada.,Botão “Fixar na semana” / “Na sua semana” alterna destaque pessoal da semana.,Logar; fixar e desfixar.
08-MODAIS.md,"sobreposição (modal) de detalhes de uma mídia — filme, série, anime ou jogo — aberta a partir de cards em listagens, busca, home, Hoje, prêmios, etc.",RN-MODAL-062,Plataformas,Onde assistir o anime.,Várias plataformas incl. Crunchyroll.,Lista por nome; Crunchyroll pode mostrar só ícone.,Card de anime multi-plataforma.
08-MODAIS.md,"sobreposição (modal) de detalhes de uma mídia — filme, série, anime ou jogo — aberta a partir de cards em listagens, busca, home, Hoje, prêmios, etc.",RN-MODAL-063,Personagem e dublador,Elenco de voz JP e PT-BR quando existir.,Anime com dublagem BR.,Alternar JP/PT-BR; link para página do dublador fecha o modal.,Anime dublado → link dublador.
08-MODAIS.md,"sobreposição (modal) de detalhes de uma mídia — filme, série, anime ou jogo — aberta a partir de cards em listagens, busca, home, Hoje, prêmios, etc.",RN-MODAL-064,Rankings,Listas de popularidade/classificação.,Anime com muitos rankings.,"Até **6** entradas visíveis, com rótulos traduzidos.",Anime popular em várias listas.
08-MODAIS.md,"sobreposição (modal) de detalhes de uma mídia — filme, série, anime ou jogo — aberta a partir de cards em listagens, busca, home, Hoje, prêmios, etc.",RN-MODAL-070,Requisitos de PC,Jogo de PC/Steam com requisitos cadastrados.,Jogo PC com requisitos vs console-only.,Drawer ou bloco de requisitos mínimos/recomendados só quando aplicável.,Jogo Steam vs exclusivo console.
08-MODAIS.md,"sobreposição (modal) de detalhes de uma mídia — filme, série, anime ou jogo — aberta a partir de cards em listagens, busca, home, Hoje, prêmios, etc.",RN-MODAL-071,Desenvolvedora,Nome da desenvolvedora/publicadora.,Jogo com empresa cadastrada.,Link para página da desenvolvedora.,Clicar link da empresa.
08-MODAIS.md,"sobreposição (modal) de detalhes de uma mídia — filme, série, anime ou jogo — aberta a partir de cards em listagens, busca, home, Hoje, prêmios, etc.",RN-MODAL-072,Preço Steam,Dados de loja quando disponíveis.,Jogo com ID Steam ou preço.,Exibe preço Steam no bloco de informações quando houver dado.,Jogo com página Steam ativa.
08-MODAIS.md,"sobreposição (modal) de detalhes de uma mídia — filme, série, anime ou jogo — aberta a partir de cards em listagens, busca, home, Hoje, prêmios, etc.",RN-MODAL-080,Salvar alterações de filme,Admin em modo edição.,Campos curados editados.,"Salvar persiste título, sinopse, pôster etc.; usuário vê dados atualizados ao reabrir.",Admin edita título curado → salvar → reabrir.
08-MODAIS.md,"sobreposição (modal) de detalhes de uma mídia — filme, série, anime ou jogo — aberta a partir de cards em listagens, busca, home, Hoje, prêmios, etc.",RN-MODAL-081,Cancelar edição,Admin cancela sem salvar.,Modo edição ativo.,Volta à visualização; dados na tela permanecem os anteriores ao save.,Editar → cancelar.
08-MODAIS.md,"sobreposição (modal) de detalhes de uma mídia — filme, série, anime ou jogo — aberta a partir de cards em listagens, busca, home, Hoje, prêmios, etc.",RN-MODAL-082,Tipos editáveis,Admin tenta editar cada tipo.,Conta admin.,"Formulários para filme, série, anime e jogo; outros tipos mostram indisponível.",Alternar tipos em modo edição.
08-MODAIS.md,"sobreposição (modal) de detalhes de uma mídia — filme, série, anime ou jogo — aberta a partir de cards em listagens, busca, home, Hoje, prêmios, etc.",RN-MODAL-090,Carregar sob demanda,Abas de continuação/universo.,Filme/série com franquia.,Conteúdo das abas carrega ao exibir (pode haver loading breve).,Abrir aba Continuação em filme de saga.
08-MODAIS.md,"sobreposição (modal) de detalhes de uma mídia — filme, série, anime ou jogo — aberta a partir de cards em listagens, busca, home, Hoje, prêmios, etc.",RN-MODAL-091,Ocultar se vazio,Obra sem sequência nem universo.,Título isolado.,Nenhuma aba extra de continuações.,Filme standalone.
08-MODAIS.md,"sobreposição (modal) de detalhes de uma mídia — filme, série, anime ou jogo — aberta a partir de cards em listagens, busca, home, Hoje, prêmios, etc.",RN-MODAL-092,Abas dinâmicas,Obra com sequência e/ou universo.,"Só sequência, só universo, ou ambos.",Aba padrão “Continuação” se houver sequência; senão “Universo”; só abas com conteúdo.,Comparar filme sequel vs spin-off universo.
12-OUTRAS-TELAS.md,"páginas de descoberta e créditos acessadas pelo menu — **Continuações**, **Premiações**, **Eventos**, **Pessoa**, **Dublador** e **Desenvolvedora** — além de abas de continuação dentro do modal de filme/série.",RN-PERS-001,Carregar créditos,Página da pessoa.,ID válido.,"Nome, foto, biografia e filmografia carregam.",Abrir ator conhecido.
12-OUTRAS-TELAS.md,"páginas de descoberta e créditos acessadas pelo menu — **Continuações**, **Premiações**, **Eventos**, **Pessoa**, **Dublador** e **Desenvolvedora** — além de abas de continuação dentro do modal de filme/série.",RN-PERS-002,Erro e loading,ID inválido ou falha.,Pessoa inexistente.,Mensagem de erro ou texto de carregamento.,URL com id inválido.
12-OUTRAS-TELAS.md,"páginas de descoberta e créditos acessadas pelo menu — **Continuações**, **Premiações**, **Eventos**, **Pessoa**, **Dublador** e **Desenvolvedora** — além de abas de continuação dentro do modal de filme/série.",RN-PERS-003,Perfil resumido,Dados básicos.,Pessoa com foto e bio longa.,"Nome, foto, biografia truncada (~6 linhas).",Bio longa → “ver mais” se existir ou clamp.
12-OUTRAS-TELAS.md,"páginas de descoberta e créditos acessadas pelo menu — **Continuações**, **Premiações**, **Eventos**, **Pessoa**, **Dublador** e **Desenvolvedora** — além de abas de continuação dentro do modal de filme/série.",RN-PERS-004,Filmografia,Grid de obras.,Créditos filmes e séries.,Cards clicáveis; personagem opcional exibido.,Clicar filme vs série.
12-OUTRAS-TELAS.md,"páginas de descoberta e créditos acessadas pelo menu — **Continuações**, **Premiações**, **Eventos**, **Pessoa**, **Dublador** e **Desenvolvedora** — além de abas de continuação dentro do modal de filme/série.",RN-PERS-005,Abrir detalhe da obra,Clique na filmografia.,Item listado.,Modal de detalhe abre para filme ou série.,Clicar poster na grid.
12-OUTRAS-TELAS.md,"páginas de descoberta e créditos acessadas pelo menu — **Continuações**, **Premiações**, **Eventos**, **Pessoa**, **Dublador** e **Desenvolvedora** — além de abas de continuação dentro do modal de filme/série.",RN-PERS-006,Voltar para busca,Veio da busca global.,Fluxo busca → pessoa.,Voltar reabre busca quando aplicável.,RN-HEADER-021 / RN-BUSCA-021.
12-OUTRAS-TELAS.md,"páginas de descoberta e créditos acessadas pelo menu — **Continuações**, **Premiações**, **Eventos**, **Pessoa**, **Dublador** e **Desenvolvedora** — além de abas de continuação dentro do modal de filme/série.",RN-PERS-007,Voltar para modal,Veio do elenco de filme/série.,Retorno guardado pelo site.,Voltar reabre modal do filme/série anterior.,Filme → elenco → voltar.
12-OUTRAS-TELAS.md,"páginas de descoberta e créditos acessadas pelo menu — **Continuações**, **Premiações**, **Eventos**, **Pessoa**, **Dublador** e **Desenvolvedora** — além de abas de continuação dentro do modal de filme/série.",RN-PERS-008,Voltar genérico,Sem contexto salvo.,Entrada direta na URL.,Botão voltar do browser ou fallback para home.,Abrir pessoa em nova aba → voltar.
12-OUTRAS-TELAS.md,"páginas de descoberta e créditos acessadas pelo menu — **Continuações**, **Premiações**, **Eventos**, **Pessoa**, **Dublador** e **Desenvolvedora** — além de abas de continuação dentro do modal de filme/série.",RN-PREM-001,Modo destaque inicial,Filtros no padrão “todos”.,Primeira visita à página.,Blocos com destaques da **última edição** por categoria.,Abrir prêmios sem mexer filtros.
12-OUTRAS-TELAS.md,"páginas de descoberta e créditos acessadas pelo menu — **Continuações**, **Premiações**, **Eventos**, **Pessoa**, **Dublador** e **Desenvolvedora** — além de abas de continuação dentro do modal de filme/série.",RN-PREM-002,Modo filtrado,Qualquer filtro alterado.,"Tipo, prêmio ou ano ≠ todos.",Lista paginada (48 itens por página) substitui visão de destaques.,Escolher ano específico.
12-OUTRAS-TELAS.md,"páginas de descoberta e créditos acessadas pelo menu — **Continuações**, **Premiações**, **Eventos**, **Pessoa**, **Dublador** e **Desenvolvedora** — além de abas de continuação dentro do modal de filme/série.",RN-PREM-003,Opções de filtro,Carregamento da página.,Página montada.,Listas de nomes de prêmios e anos disponíveis nos seletores.,Abrir dropdowns de filtro.
12-OUTRAS-TELAS.md,"páginas de descoberta e créditos acessadas pelo menu — **Continuações**, **Premiações**, **Eventos**, **Pessoa**, **Dublador** e **Desenvolvedora** — além de abas de continuação dentro do modal de filme/série.",RN-PREM-004,Reset de página,Mudança de filtro.,Estava na página 2+.,Volta para página 1 ao alterar filtro.,Paginar → mudar ano.
12-OUTRAS-TELAS.md,"páginas de descoberta e créditos acessadas pelo menu — **Continuações**, **Premiações**, **Eventos**, **Pessoa**, **Dublador** e **Desenvolvedora** — além de abas de continuação dentro do modal de filme/série.",RN-PREM-005,Seções por tipo,Modo destaque.,Filtro tipo = todos.,"Até quatro blocos: filmes, séries, animes, jogos; filtrar tipo reduz a um bloco.",Filtrar só animes.
12-OUTRAS-TELAS.md,"páginas de descoberta e créditos acessadas pelo menu — **Continuações**, **Premiações**, **Eventos**, **Pessoa**, **Dublador** e **Desenvolvedora** — além de abas de continuação dentro do modal de filme/série.",RN-PREM-006,Ver todos da premiação,Botão em destaque.,Card de destaque visível.,Aplica filtros com nome/ano daquele prêmio e tipo da seção.,Clicar “ver todos” em um destaque.
12-OUTRAS-TELAS.md,"páginas de descoberta e créditos acessadas pelo menu — **Continuações**, **Premiações**, **Eventos**, **Pessoa**, **Dublador** e **Desenvolvedora** — além de abas de continuação dentro do modal de filme/série.",RN-PREM-007,Paginação,Modo filtrado.,Muitos resultados.,Anterior/próxima desabilitadas nos limites; texto “Página X de Y”.,Navegar páginas.
12-OUTRAS-TELAS.md,"páginas de descoberta e créditos acessadas pelo menu — **Continuações**, **Premiações**, **Eventos**, **Pessoa**, **Dublador** e **Desenvolvedora** — além de abas de continuação dentro do modal de filme/série.",RN-PREM-008,Cards interativos,Obras indicadas.,Logado/anônimo.,Cards com mesmas ações de favorito/lista das outras páginas.,Favoritar indicado logado.
12-OUTRAS-TELAS.md,"páginas de descoberta e créditos acessadas pelo menu — **Continuações**, **Premiações**, **Eventos**, **Pessoa**, **Dublador** e **Desenvolvedora** — além de abas de continuação dentro do modal de filme/série.",RN-PREM-009,Nenhum resultado,Filtro impossível.,Zero prêmios no critério.,Mensagem pedindo ajustar filtros.,Ano + prêmio sem combinação.
06-PROMOCOES.md,"página **Promoções & Jogos Grátis** (`/promocoes`), com três abas: **Jogos de Graça**, **Promoções** e **Em Alta**. O parâmetro de endereço `?tab=promocoes` ou `?tab=em-alta` escolhe a aba inicial; sem parâmetro ou valor inválido abre **Jogos de Graça**.",RN-PROMO-001,Aba pela URL,Endereço define aba inicial.,"`/promocoes`, `/promocoes?tab=promocoes`, `/promocoes?tab=em-alta`.",Padrão **Jogos de Graça**; `promocoes` → aba Promoções; `em-alta` → Em Alta.,Abrir cada URL.
06-PROMOCOES.md,"página **Promoções & Jogos Grátis** (`/promocoes`), com três abas: **Jogos de Graça**, **Promoções** e **Em Alta**. O parâmetro de endereço `?tab=promocoes` ou `?tab=em-alta` escolhe a aba inicial; sem parâmetro ou valor inválido abre **Jogos de Graça**.",RN-PROMO-002,Shell da página,"Estrutura (hero, abas) aparece mesmo antes das ofertas terminarem de carregar.",Primeira visita.,Layout visível; conteúdo das abas grátis/promo preenche depois.,Abrir Promoções com rede lenta.
06-PROMOCOES.md,"página **Promoções & Jogos Grátis** (`/promocoes`), com três abas: **Jogos de Graça**, **Promoções** e **Em Alta**. O parâmetro de endereço `?tab=promocoes` ou `?tab=em-alta` escolhe a aba inicial; sem parâmetro ou valor inválido abre **Jogos de Graça**.",RN-PROMO-003,Três abas,"Grátis, Promoções, Em Alta com ícones distintos.",Página carregada.,Alternar abas muda conteúdo principal.,Clicar cada aba.
06-PROMOCOES.md,"página **Promoções & Jogos Grátis** (`/promocoes`), com três abas: **Jogos de Graça**, **Promoções** e **Em Alta**. O parâmetro de endereço `?tab=promocoes` ou `?tab=em-alta` escolhe a aba inicial; sem parâmetro ou valor inválido abre **Jogos de Graça**.",RN-PROMO-004,Em Alta sem ofertas de loja,Aba **Em Alta** não carrega jogos grátis/promoções de lojas externas.,Aba **Em Alta** ativa.,Só blocos de jogos em alta; sem skeleton de 12 cards de deal (salvo loading interno de Em Alta).,Abrir Em Alta; observar ausência de grids de oferta.
06-PROMOCOES.md,"página **Promoções & Jogos Grátis** (`/promocoes`), com três abas: **Jogos de Graça**, **Promoções** e **Em Alta**. O parâmetro de endereço `?tab=promocoes` ou `?tab=em-alta` escolhe a aba inicial; sem parâmetro ou valor inválido abre **Jogos de Graça**.",RN-PROMO-005,Carregar sob demanda,Cada aba de ofertas busca dados na **primeira** vez que o usuário entra nela.,Abrir direto em Promoções sem passar por Grátis.,Promoções carrega ao selecionar aba; Grátis pode não ter sido buscado ainda.,Entrar direto `?tab=promocoes`.
06-PROMOCOES.md,"página **Promoções & Jogos Grátis** (`/promocoes`), com três abas: **Jogos de Graça**, **Promoções** e **Em Alta**. O parâmetro de endereço `?tab=promocoes` ou `?tab=em-alta` escolhe a aba inicial; sem parâmetro ou valor inválido abre **Jogos de Graça**.",RN-PROMO-006,Várias lojas — grátis,"Jogos de graça agregam Epic, giveaways, Steam, itch.io, etc.",Aba Grátis carregada.,Cards de lojas diferentes; rodapé lista fontes com contagem.,Ler rodapé após load.
06-PROMOCOES.md,"página **Promoções & Jogos Grátis** (`/promocoes`), com três abas: **Jogos de Graça**, **Promoções** e **Em Alta**. O parâmetro de endereço `?tab=promocoes` ou `?tab=em-alta` escolhe a aba inicial; sem parâmetro ou valor inválido abre **Jogos de Graça**.",RN-PROMO-007,Várias lojas — promo pagas,Promoções pagas combinam várias lojas; ordem padrão prioriza “melhor deal”.,Aba Promoções.,Ofertas misturadas; ordenação **Popularidade** por padrão.,Abrir aba Promoções.
06-PROMOCOES.md,"página **Promoções & Jogos Grátis** (`/promocoes`), com três abas: **Jogos de Graça**, **Promoções** e **Em Alta**. O parâmetro de endereço `?tab=promocoes` ou `?tab=em-alta` escolhe a aba inicial; sem parâmetro ou valor inválido abre **Jogos de Graça**.",RN-PROMO-008,Catálogo Orbe na Steam,Jogos já catalogados no site com desconto na Steam aparecem em faixa dedicada.,Jogos Orbe em promo Steam.,Seção **Promoções na Steam (catálogo)** com carrossel horizontal.,Aba Promoções com catálogo populado.
06-PROMOCOES.md,"página **Promoções & Jogos Grátis** (`/promocoes`), com três abas: **Jogos de Graça**, **Promoções** e **Em Alta**. O parâmetro de endereço `?tab=promocoes` ou `?tab=em-alta` escolhe a aba inicial; sem parâmetro ou valor inválido abre **Jogos de Graça**.",RN-PROMO-009,Atualização periódica,Ofertas são atualizadas em intervalo curto; botão **Atualizar agora** força nova busca.,Aba grátis ou promo.,Horário **Última atualização** muda após atualizar.,Clicar **Atualizar agora** duas vezes.
06-PROMOCOES.md,"página **Promoções & Jogos Grátis** (`/promocoes`), com três abas: **Jogos de Graça**, **Promoções** e **Em Alta**. O parâmetro de endereço `?tab=promocoes` ou `?tab=em-alta` escolhe a aba inicial; sem parâmetro ou valor inválido abre **Jogos de Graça**.",RN-PROMO-010,Alerta de fontes indisponíveis,"Se alguma loja falhar, banner âmbar ou vermelho avisa que a lista pode estar incompleta.",Fonte externa down no ambiente.,Banner listando lojas com falha.,Simular/induzir falha de fonte.
06-PROMOCOES.md,"página **Promoções & Jogos Grátis** (`/promocoes`), com três abas: **Jogos de Graça**, **Promoções** e **Em Alta**. O parâmetro de endereço `?tab=promocoes` ou `?tab=em-alta` escolhe a aba inicial; sem parâmetro ou valor inválido abre **Jogos de Graça**.",RN-PROMO-011,Sem detalhes técnicos internos,"Usuário não vê metadados de diagnóstico — só ofertas, contadores e alertas amigáveis.",Qualquer aba de oferta.,Nenhum painel “debug” na interface.,Inspecionar UI.
06-PROMOCOES.md,"página **Promoções & Jogos Grátis** (`/promocoes`), com três abas: **Jogos de Graça**, **Promoções** e **Em Alta**. O parâmetro de endereço `?tab=promocoes` ou `?tab=em-alta` escolhe a aba inicial; sem parâmetro ou valor inválido abre **Jogos de Graça**.",RN-PROMO-012,Conteúdo da aba Grátis,"Temporários, permanentes e lista unificada para contagem.",Grátis carregado.,Seções **Estão de graça** e **São de graça**; chips de plataforma.,Percorrer aba Grátis.
06-PROMOCOES.md,"página **Promoções & Jogos Grátis** (`/promocoes`), com três abas: **Jogos de Graça**, **Promoções** e **Em Alta**. O parâmetro de endereço `?tab=promocoes` ou `?tab=em-alta` escolhe a aba inicial; sem parâmetro ou valor inválido abre **Jogos de Graça**.",RN-PROMO-013,Paginação de promoções pagas,Primeira leva ~48 ofertas; **Carregar mais** traz o restante quando existir.,Muitas promoções ao vivo.,Botão **Carregar mais promoções** aumenta grid.,Clicar até sumir botão.
06-PROMOCOES.md,"página **Promoções & Jogos Grátis** (`/promocoes`), com três abas: **Jogos de Graça**, **Promoções** e **Em Alta**. O parâmetro de endereço `?tab=promocoes` ou `?tab=em-alta` escolhe a aba inicial; sem parâmetro ou valor inválido abre **Jogos de Graça**.",RN-PROMO-014,Preços em reais,"Quando aplicável, valores convertidos; rodapé pode mostrar taxa USD/BRL e hora da cotação.",Ofertas em dólar.,Preço BRL nos cards; linha USD/BRL no rodapé.,Ler rodapé e cards.
06-PROMOCOES.md,"página **Promoções & Jogos Grátis** (`/promocoes`), com três abas: **Jogos de Graça**, **Promoções** e **Em Alta**. O parâmetro de endereço `?tab=promocoes` ou `?tab=em-alta` escolhe a aba inicial; sem parâmetro ou valor inválido abre **Jogos de Graça**.",RN-PROMO-015,Temporário vs permanente,**Estão de graça** = promo 100% por tempo limitado; **São de graça** = F2P ou sempre zero.,Deals de ambos tipos.,Duas seções com textos explicativos diferentes.,Ler subtítulos das seções.
06-PROMOCOES.md,"página **Promoções & Jogos Grátis** (`/promocoes`), com três abas: **Jogos de Graça**, **Promoções** e **Em Alta**. O parâmetro de endereço `?tab=promocoes` ou `?tab=em-alta` escolhe a aba inicial; sem parâmetro ou valor inválido abre **Jogos de Graça**.",RN-PROMO-016,Ordenação padrão grátis,Temporários por **Acaba primeiro**; permanentes por título quando essa ordenação não se aplica.,Aba Grátis.,Select de ordenação; mudar reordena temporários.,Trocar ordenação.
06-PROMOCOES.md,"página **Promoções & Jogos Grátis** (`/promocoes`), com três abas: **Jogos de Graça**, **Promoções** e **Em Alta**. O parâmetro de endereço `?tab=promocoes` ou `?tab=em-alta` escolhe a aba inicial; sem parâmetro ou valor inválido abre **Jogos de Graça**.",RN-PROMO-017,Filtro por plataforma/loja,Chips só aparecem para lojas que têm oferta no momento; filtro ativo some se a loja deixar de ter itens.,Filtrar e atualizar.,Chip some ou volta para **Todas**.,Filtrar Steam; atualizar se vazio.
06-PROMOCOES.md,"página **Promoções & Jogos Grátis** (`/promocoes`), com três abas: **Jogos de Graça**, **Promoções** e **Em Alta**. O parâmetro de endereço `?tab=promocoes` ou `?tab=em-alta` escolhe a aba inicial; sem parâmetro ou valor inválido abre **Jogos de Graça**.",RN-PROMO-018,Busca por título,"Campo **Buscar jogo...** filtra temporários, permanentes e destaques (case insensitive).",Texto parcial do título.,Grid reduzido.,Buscar substring.
06-PROMOCOES.md,"página **Promoções & Jogos Grátis** (`/promocoes`), com três abas: **Jogos de Graça**, **Promoções** e **Em Alta**. O parâmetro de endereço `?tab=promocoes` ou `?tab=em-alta` escolhe a aba inicial; sem parâmetro ou valor inválido abre **Jogos de Graça**.",RN-PROMO-019,Destaques itch.io e EA App,"Com filtro **Todas** e sem busca, ofertas itch.io e EA App podem aparecer em seções colapsáveis próprias, removidas do bloco principal para não duplicar.",Deals nessas lojas.,Seções **Grátis na itch.io** / **Grátis na EA** (ou equivalente).,Confirmar que itch não repete no grid principal.
06-PROMOCOES.md,"página **Promoções & Jogos Grátis** (`/promocoes`), com três abas: **Jogos de Graça**, **Promoções** e **Em Alta**. O parâmetro de endereço `?tab=promocoes` ou `?tab=em-alta` escolhe a aba inicial; sem parâmetro ou valor inválido abre **Jogos de Graça**.",RN-PROMO-020,Agrupamento por loja,"Com **Todas** plataformas, lista principal agrupa subtítulos por loja (uppercase).",Várias lojas.,"Subtítulos EPIC, STEAM, etc., cada um com grid.",Ver aba Grátis com muitas fontes.
06-PROMOCOES.md,"página **Promoções & Jogos Grátis** (`/promocoes`), com três abas: **Jogos de Graça**, **Promoções** e **Em Alta**. O parâmetro de endereço `?tab=promocoes` ou `?tab=em-alta` escolhe a aba inicial; sem parâmetro ou valor inválido abre **Jogos de Graça**.",RN-PROMO-021,Contador na aba Grátis,Número ao lado do nome da aba reflete ofertas grátis **após** filtro de plataforma e busca.,Busca ativa.,Badge diminui.,Buscar título raro.
06-PROMOCOES.md,"página **Promoções & Jogos Grátis** (`/promocoes`), com três abas: **Jogos de Graça**, **Promoções** e **Em Alta**. O parâmetro de endereço `?tab=promocoes` ou `?tab=em-alta` escolhe a aba inicial; sem parâmetro ou valor inválido abre **Jogos de Graça**.",RN-PROMO-022,Vazio grátis,Sem temporários ou sem permanentes.,Lista filtrada vazia.,Mensagens específicas por seção.,Filtrar loja sem giveaways.
06-PROMOCOES.md,"página **Promoções & Jogos Grátis** (`/promocoes`), com três abas: **Jogos de Graça**, **Promoções** e **Em Alta**. O parâmetro de endereço `?tab=promocoes` ou `?tab=em-alta` escolhe a aba inicial; sem parâmetro ou valor inválido abre **Jogos de Graça**.",RN-PROMO-023,Ordenação padrão promo,**Popularidade** (melhor avaliação de deal).,Aba Promoções.,Trocar para **Maior desconto** reordena grid.,Usar select de ordenação.
06-PROMOCOES.md,"página **Promoções & Jogos Grátis** (`/promocoes`), com três abas: **Jogos de Graça**, **Promoções** e **Em Alta**. O parâmetro de endereço `?tab=promocoes` ou `?tab=em-alta` escolhe a aba inicial; sem parâmetro ou valor inválido abre **Jogos de Graça**.",RN-PROMO-024,Faixa catálogo Steam,Carrossel no topo quando há jogos do catálogo Orbe em desconto na Steam.,Pelo menos um jogo Orbe em promo na Steam.,Seção com link **Ver aba Em Alta →**.,Abrir Promoções com catálogo em promo.
06-PROMOCOES.md,"página **Promoções & Jogos Grátis** (`/promocoes`), com três abas: **Jogos de Graça**, **Promoções** e **Em Alta**. O parâmetro de endereço `?tab=promocoes` ou `?tab=em-alta` escolhe a aba inicial; sem parâmetro ou valor inválido abre **Jogos de Graça**.",RN-PROMO-025,Carregar mais,"Botão só com filtro **Todas**, sem busca, e quando ainda há páginas.",>48 promoções.,**Carregar mais promoções** append cards; com busca o botão some.,Buscar título → botão ausente.
06-PROMOCOES.md,"página **Promoções & Jogos Grátis** (`/promocoes`), com três abas: **Jogos de Graça**, **Promoções** e **Em Alta**. O parâmetro de endereço `?tab=promocoes` ou `?tab=em-alta` escolhe a aba inicial; sem parâmetro ou valor inválido abre **Jogos de Graça**.",RN-PROMO-026,Contador aba Promoções,Badge = ofertas ao vivo filtradas + itens do carrossel catálogo Steam filtrados.,Filtro plataforma.,Número atualiza.,Filtrar Epic.
06-PROMOCOES.md,"página **Promoções & Jogos Grátis** (`/promocoes`), com três abas: **Jogos de Graça**, **Promoções** e **Em Alta**. O parâmetro de endereço `?tab=promocoes` ou `?tab=em-alta` escolhe a aba inicial; sem parâmetro ou valor inválido abre **Jogos de Graça**.",RN-PROMO-027,Wishlist Steam (em breve),"Caixa tracejada informativa, **sem** botão funcional de login Steam.",Aba Promoções visível.,Texto **Lista de desejos Steam (em breve)**.,Ler bloco no topo da aba.
06-PROMOCOES.md,"página **Promoções & Jogos Grátis** (`/promocoes`), com três abas: **Jogos de Graça**, **Promoções** e **Em Alta**. O parâmetro de endereço `?tab=promocoes` ou `?tab=em-alta` escolhe a aba inicial; sem parâmetro ou valor inválido abre **Jogos de Graça**.",RN-PROMO-028,Em Alta embutido,"Mesmo conteúdo de jogos em alta (Top da Semana, Steam, plataformas…) em modo compacto + banner para promoções.",Tab `em-alta`.,Ver regras RN-JOGOS-019–029 em `05-JOGOS.md`.,Abrir aba Em Alta.
06-PROMOCOES.md,"página **Promoções & Jogos Grátis** (`/promocoes`), com três abas: **Jogos de Graça**, **Promoções** e **Em Alta**. O parâmetro de endereço `?tab=promocoes` ou `?tab=em-alta` escolhe a aba inicial; sem parâmetro ou valor inválido abre **Jogos de Graça**.",RN-PROMO-029,Bookmark antigo,`/jogos-em-alta` redireciona para esta aba.,URL legada.,Endereço final `?tab=em-alta`.,Acessar URL antiga.
06-PROMOCOES.md,"página **Promoções & Jogos Grátis** (`/promocoes`), com três abas: **Jogos de Graça**, **Promoções** e **Em Alta**. O parâmetro de endereço `?tab=promocoes` ou `?tab=em-alta` escolhe a aba inicial; sem parâmetro ou valor inválido abre **Jogos de Graça**.",RN-PROMO-030,Atualizar agora,Recarrega aba ativa **Grátis** ou **Promoções**; **Em Alta** não usa este botão para ofertas de loja.,Botão no hero.,Spinner no ícone; horário atualiza (abas de deal).,Clicar em Grátis vs Em Alta.
06-PROMOCOES.md,"página **Promoções & Jogos Grátis** (`/promocoes`), com três abas: **Jogos de Graça**, **Promoções** e **Em Alta**. O parâmetro de endereço `?tab=promocoes` ou `?tab=em-alta` escolhe a aba inicial; sem parâmetro ou valor inválido abre **Jogos de Graça**.",RN-PROMO-031,Erro global de ofertas,Falha ao buscar grátis/promo.,Indisponibilidade.,**Não foi possível carregar promoções e jogos grátis.** + **Tentar novamente**.,Simular falha.
06-PROMOCOES.md,"página **Promoções & Jogos Grátis** (`/promocoes`), com três abas: **Jogos de Graça**, **Promoções** e **Em Alta**. O parâmetro de endereço `?tab=promocoes` ou `?tab=em-alta` escolhe a aba inicial; sem parâmetro ou valor inválido abre **Jogos de Graça**.",RN-PROMO-032,Skeleton inicial,Primeira carga de Grátis/Promo mostra 12 placeholders shimmer.,"Rede lenta, aba ≠ Em Alta.",Skeleton antes dos cards reais.,Throttle + abrir Promoções.
06-PROMOCOES.md,"página **Promoções & Jogos Grátis** (`/promocoes`), com três abas: **Jogos de Graça**, **Promoções** e **Em Alta**. O parâmetro de endereço `?tab=promocoes` ou `?tab=em-alta` escolhe a aba inicial; sem parâmetro ou valor inválido abre **Jogos de Graça**.",RN-PROMO-033,Banner de degradação,Mesmo RN-PROMO-010 — lista fontes com falha.,Fontes parciais down.,Banner âmbar/vermelho.,Ambiente degradado.
06-PROMOCOES.md,"página **Promoções & Jogos Grátis** (`/promocoes`), com três abas: **Jogos de Graça**, **Promoções** e **Em Alta**. O parâmetro de endereço `?tab=promocoes` ou `?tab=em-alta` escolhe a aba inicial; sem parâmetro ou valor inválido abre **Jogos de Graça**.",RN-PROMO-034,Rodapé de fontes,Contagens por loja com cor verde (ok) ou vermelho (erro).,Após load grátis/promo.,"Linha **Fontes:** Epic (n), Steam (n)…",Comparar com quantidade visível.
06-PROMOCOES.md,"página **Promoções & Jogos Grátis** (`/promocoes`), com três abas: **Jogos de Graça**, **Promoções** e **Em Alta**. O parâmetro de endereço `?tab=promocoes` ou `?tab=em-alta` escolhe a aba inicial; sem parâmetro ou valor inválido abre **Jogos de Graça**.",RN-PROMO-035,Tamanho da primeira página promo,Primeira leva de **Ofertas ao vivo** alinhada a ~48 itens antes de **Carregar mais**.,Muitas ofertas.,Grid inicial ~48; botão carrega resto.,Contar antes de carregar mais.
03-SERIES.md,"página **Séries** do site (listagem completa de séries, acessível pelo menu ou pelo título da faixa Séries na página inicial).",RN-SERIES-001,Conteúdo na primeira abertura,Listagem e opções de filtro já vêm na abertura da página.,Site acessível; catálogo com séries.,Grade e selects visíveis (ou vazio amigável).,Abrir Séries em aba nova.
03-SERIES.md,"página **Séries** do site (listagem completa de séries, acessível pelo menu ou pelo título da faixa Séries na página inicial).",RN-SERIES-002,Atualização gradual,Mudanças no catálogo podem demorar alguns minutos para refletir após atualização em massa.,Catálogo alterado recentemente.,Recarregar após alguns minutos pode mostrar novidades.,Alterar série de teste; aguardar; recarregar.
03-SERIES.md,"página **Séries** do site (listagem completa de séries, acessível pelo menu ou pelo título da faixa Séries na página inicial).",RN-SERIES-003,Falha no carregamento inicial,Indisponibilidade temporária não quebra a rota.,Catálogo indisponível na abertura.,Página abre; grade vazia; filtros vazios possíveis.,Simular falha na abertura.
03-SERIES.md,"página **Séries** do site (listagem completa de séries, acessível pelo menu ou pelo título da faixa Séries na página inicial).",RN-SERIES-004,Texto do cabeçalho,Copy fixa da área.,Usuário em Séries.,Título **Séries** e descrição sobre universo de séries.,Ler cabeçalho.
03-SERIES.md,"página **Séries** do site (listagem completa de séries, acessível pelo menu ou pelo título da faixa Séries na página inicial).",RN-SERIES-005,Gaveta O que vem aí,Estreias futuras de séries em carrossel horizontal.,Resumo de eventos com séries em **próximos**.,Seção **O que vem aí** acima dos filtros.,Ambiente com séries futuras.
03-SERIES.md,"página **Séries** do site (listagem completa de séries, acessível pelo menu ou pelo título da faixa Séries na página inicial).",RN-SERIES-006,Sem gaveta Em cartaz,"Diferente da página Filmes, **não** há bloco **Em cartaz** para séries.",Destaques recentes de séries existem no resumo.,Bloco **Em cartaz** **ausente**; só **O que vem aí** + filtros + grade.,Abrir Séries com dados de destaque.
03-SERIES.md,"página **Séries** do site (listagem completa de séries, acessível pelo menu ou pelo título da faixa Séries na página inicial).",RN-SERIES-007,Ações na gaveta,Menu ⋮ e favoritos iguais à grade.,Gaveta visível.,Interações refletem na conta logada.,Favoritar na gaveta.
03-SERIES.md,"página **Séries** do site (listagem completa de séries, acessível pelo menu ou pelo título da faixa Séries na página inicial).",RN-SERIES-008,Gaveta após a página,Carrossel editorial pode aparecer logo após o restante.,Página recém-aberta.,Filtros/grade primeiro; gaveta em seguida se houver itens.,Observar ordem de carregamento.
03-SERIES.md,"página **Séries** do site (listagem completa de séries, acessível pelo menu ou pelo título da faixa Séries na página inicial).",RN-SERIES-009,Sem atalhos Em Cartaz/Populares,Curadoria por botões não existe; só selects.,Página Séries.,Apenas linha de filtros; nenhum botão **Populares**.,Confirmar ausência de atalhos.
03-SERIES.md,"página **Séries** do site (listagem completa de séries, acessível pelo menu ou pelo título da faixa Séries na página inicial).",RN-SERIES-010,Ordem alfabética padrão,Listagem ordenada por nome da série.,Todos os filtros em “todos”.,Cards em ordem A–Z pelo título/nome exibido.,Ler primeiros cards.
03-SERIES.md,"página **Séries** do site (listagem completa de séries, acessível pelo menu ou pelo título da faixa Séries na página inicial).",RN-SERIES-011,Ordenação por popularidade (catálogo),"Modo “populares” existe no catálogo interno, mas **não** há botão na tela.",—,Usuário comum só vê ordem alfabética nesta página.,Confirmar que não há controle de popularidade na UI.
03-SERIES.md,"página **Séries** do site (listagem completa de séries, acessível pelo menu ou pelo título da faixa Séries na página inicial).",RN-SERIES-012,Gênero “Todos”,Sem restrição de gênero.,**Todos os Gêneros**.,Grade ampla.,Resetar gênero.
03-SERIES.md,"página **Séries** do site (listagem completa de séries, acessível pelo menu ou pelo título da faixa Séries na página inicial).",RN-SERIES-013,Capitalização do gênero,Primeira letra maiúscula no dropdown.,Gêneros listados.,Label formatado (ex.: Action).,Abrir select de gênero.
03-SERIES.md,"página **Séries** do site (listagem completa de séries, acessível pelo menu ou pelo título da faixa Séries na página inicial).",RN-SERIES-014,Ano “Todos”,Sem restrição de ano.,**Todos os Anos**.,Séries de vários anos.,Resetar ano.
03-SERIES.md,"página **Séries** do site (listagem completa de séries, acessível pelo menu ou pelo título da faixa Séries na página inicial).",RN-SERIES-015,Filtro por ano de estreia,Ano limita à **data de estreia** da série (primeiro episódio / estreia).,Ano 2022.,Só séries estreadas em 2022.,Filtrar ano e conferir detalhe.
03-SERIES.md,"página **Séries** do site (listagem completa de séries, acessível pelo menu ou pelo título da faixa Séries na página inicial).",RN-SERIES-016,Filtro por mês de estreia,Mês limita estreias daquele mês.,Março selecionado.,Séries com estreia em março (com ano definido ou corrente).,Combinar mês + ano.
03-SERIES.md,"página **Séries** do site (listagem completa de séries, acessível pelo menu ou pelo título da faixa Séries na página inicial).",RN-SERIES-017,Mês sem ano,Mês sozinho usa ano corrente.,Setembro + todos os anos.,Estreias de setembro do ano atual.,Filtrar mês atual.
03-SERIES.md,"página **Séries** do site (listagem completa de séries, acessível pelo menu ou pelo título da faixa Séries na página inicial).",RN-SERIES-018,Meses em português,Janeiro–dezembro no select.,Select de mês.,Rótulos PT-BR corretos.,Abrir filtro de mês.
03-SERIES.md,"página **Séries** do site (listagem completa de séries, acessível pelo menu ou pelo título da faixa Séries na página inicial).",RN-SERIES-019,Filtro por plataforma,Restringe a séries com streaming na plataforma.,Netflix selecionada.,Só séries com Netflix nos metadados.,Filtrar plataforma.
03-SERIES.md,"página **Séries** do site (listagem completa de séries, acessível pelo menu ou pelo título da faixa Séries na página inicial).",RN-SERIES-020,Filtro por status,"Status cadastral (ex.: em exibição, encerrada).",Status escolhido.,Grade coerente com status no detalhe.,Filtrar status.
03-SERIES.md,"página **Séries** do site (listagem completa de séries, acessível pelo menu ou pelo título da faixa Séries na página inicial).",RN-SERIES-021,Sem recarga duplicada na abertura,Abrir Séries não dispara segundo loading imediato.,Primeira visita OK.,Conteúdo estável até mudar filtro.,Abrir página e aguardar.
03-SERIES.md,"página **Séries** do site (listagem completa de séries, acessível pelo menu ou pelo título da faixa Séries na página inicial).",RN-SERIES-022,Mudança de filtro recarrega,Alterar select atualiza grade.,Qualquer filtro mudado.,Spinner + nova lista.,Trocar gênero.
03-SERIES.md,"página **Séries** do site (listagem completa de séries, acessível pelo menu ou pelo título da faixa Séries na página inicial).",RN-SERIES-023,Atualização após sync,Sync do catálogo pode atualizar a grade com a página aberta.,Sync em andamento.,Cards/contador mudam sem F5.,Manter Séries aberta durante sync.
03-SERIES.md,"página **Séries** do site (listagem completa de séries, acessível pelo menu ou pelo título da faixa Séries na página inicial).",RN-SERIES-024,Spinner ao filtrar,Loading central substitui grade.,Filtro alterado.,Spinner até concluir.,Trocar filtro.
03-SERIES.md,"página **Séries** do site (listagem completa de séries, acessível pelo menu ou pelo título da faixa Séries na página inicial).",RN-SERIES-025,Contador com total global,“X séries encontradas” usa total lógico do filtro.,> ~48 séries no filtro.,Contador alto com subconjunto na grade.,Filtro amplo; ler contador.
03-SERIES.md,"página **Séries** do site (listagem completa de séries, acessível pelo menu ou pelo título da faixa Séries na página inicial).",RN-SERIES-026,Contador em carregamento,Texto **Carregando...** durante busca.,Filtro recém-alterado.,Sem número antigo.,Trocar filtro rapidamente.
03-SERIES.md,"página **Séries** do site (listagem completa de séries, acessível pelo menu ou pelo título da faixa Séries na página inicial).",RN-SERIES-027,Grade responsiva,2–5 colunas; cards ~210px.,Resultados > 0.,Layout adapta ao viewport.,Redimensionar janela.
03-SERIES.md,"página **Séries** do site (listagem completa de séries, acessível pelo menu ou pelo título da faixa Séries na página inicial).",RN-SERIES-028,Nenhum resultado,Filtro sem match.,Combinação impossível.,**Nenhuma série encontrada** + dica de ajustar filtros.,Filtro restritivo.
03-SERIES.md,"página **Séries** do site (listagem completa de séries, acessível pelo menu ou pelo título da faixa Séries na página inicial).",RN-SERIES-029,Falha ao recarregar,Erre de rede ao filtrar não derruba página.,Rede off ao filtrar.,Grade pode zerar; sem crash.,Cortar rede ao filtrar.
03-SERIES.md,"página **Séries** do site (listagem completa de séries, acessível pelo menu ou pelo título da faixa Séries na página inicial).",RN-SERIES-030,Listagem mais permissiva que a home,"A página Séries pode incluir séries “fracas” (poucos episódios, sem sinopse) que o carrossel Séries da **inicial** exclui.",Série marginal cadastrada.,Aparece em Séries; pode faltar na home.,Comparar mesmo título home vs Séries.
03-SERIES.md,"página **Séries** do site (listagem completa de séries, acessível pelo menu ou pelo título da faixa Séries na página inicial).",RN-SERIES-031,Lote inicial na grade,~48 cards visíveis por vez sem “carregar mais”.,Filtro amplo.,"Dezenas de cards, contador pode ser maior.",Contar cards vs contador.
03-SERIES.md,"página **Séries** do site (listagem completa de séries, acessível pelo menu ou pelo título da faixa Séries na página inicial).",RN-SERIES-032,Cards com gêneros e streaming,Informações aparecem quando cadastradas.,Série com gêneros/plataformas.,Texto/ícones no card.,Inspecionar card.
03-SERIES.md,"página **Séries** do site (listagem completa de séries, acessível pelo menu ou pelo título da faixa Séries na página inicial).",RN-SERIES-033,Gêneros visíveis no card,Lista de gêneros no card quando existir.,Série com gêneros.,Gêneros legíveis.,Abrir card na grade.
03-SERIES.md,"página **Séries** do site (listagem completa de séries, acessível pelo menu ou pelo título da faixa Séries na página inicial).",RN-SERIES-034,Conteúdo pode demorar a refletir,Mesma lógica de atualização gradual do catálogo.,Alteração recente.,Recarregar após intervalo.,Ver RN-SERIES-002.
03-SERIES.md,"página **Séries** do site (listagem completa de séries, acessível pelo menu ou pelo título da faixa Séries na página inicial).",RN-SERIES-035,Opções de filtro coerentes,Gêneros/status/plataformas só aparecem se há séries associadas.,Catálogo variado.,Menus populados sem opções “vazias”.,Abrir cada select.
03-SERIES.md,"página **Séries** do site (listagem completa de séries, acessível pelo menu ou pelo título da faixa Séries na página inicial).",RN-SERIES-036,Anos de estreia no filtro,Anos derivados da data de **estreia** da série.,Várias temporadas.,"Ano no filtro = ano de estreia, não de episódio recente.",Série antiga com ep novo: filtrar ano de estreia.
03-SERIES.md,"página **Séries** do site (listagem completa de séries, acessível pelo menu ou pelo título da faixa Séries na página inicial).",RN-SERIES-037,Status em português,Labels traduzidos no select quando possível.,Status variados.,Texto PT no dropdown.,Abrir status.
03-SERIES.md,"página **Séries** do site (listagem completa de séries, acessível pelo menu ou pelo título da faixa Séries na página inicial).",RN-SERIES-038,Home exige qualidade mínima,"Carrossel da inicial só mostra séries com pôster, sinopse, engajamento e nota mínima quando há muitos votos.",Série fraca vs forte.,Forte na home e Séries; fraca só em Séries.,Comparar presença home vs página.
03-SERIES.md,"página **Séries** do site (listagem completa de séries, acessível pelo menu ou pelo título da faixa Séries na página inicial).",RN-SERIES-039,Home exige ≥ 2 episódios,Carrossel inicial ignora séries com um único episódio cadastrado (salvo exceções de carrossel mensal).,Série 1 ep.,Ausente na home; pode estar em Séries.,Comparar contagens.
03-SERIES.md,"página **Séries** do site (listagem completa de séries, acessível pelo menu ou pelo título da faixa Séries na página inicial).",RN-SERIES-040,Home exige pôster e sinopse,Campos obrigatórios no carrossel da home.,Série sem sinopse.,Ausente na home; pode listar em Séries.,Mesmo título duas telas.
03-SERIES.md,"página **Séries** do site (listagem completa de séries, acessível pelo menu ou pelo título da faixa Séries na página inicial).",RN-SERIES-041,Engajamento na home,Popularidade ou volume de votos mínimo no carrossel.,Série obscura.,Só na listagem Séries.,Buscar série obscura.
03-SERIES.md,"página **Séries** do site (listagem completa de séries, acessível pelo menu ou pelo título da faixa Séries na página inicial).",RN-SERIES-042,Nota mínima na home,Muitos votos + nota baixa excluídos do carrossel.,Série mal avaliada popular.,Listagem Séries pode ainda mostrar.,Comparar.
03-SERIES.md,"página **Séries** do site (listagem completa de séries, acessível pelo menu ou pelo título da faixa Séries na página inicial).",RN-SERIES-043,Estreias planejadas no carrossel mensal,Modo timeline da home pode incluir séries “planejadas” com critério mais flexível.,Série Planned futura.,Pode aparecer na home por mês; em Séries aparece se cadastrada.,Validar na home e em Séries.
03-SERIES.md,"página **Séries** do site (listagem completa de séries, acessível pelo menu ou pelo título da faixa Séries na página inicial).",RN-SERIES-044,Data do episódio na timeline home,"Posição no carrossel da home usa **próximo episódio**, não só estreia da série.",Série com ep semanal.,Card na home alinhado ao ep; em Séries filtro mês usa estreia da série.,Série em exibição: home vs filtro mês em Séries.
03-SERIES.md,"página **Séries** do site (listagem completa de séries, acessível pelo menu ou pelo título da faixa Séries na página inicial).",RN-SERIES-045,Ordem no carrossel mensal,Ordem na home por data de exibição/episódio; em Séries ordem alfabética (padrão).,Mesmo mês.,Ordens diferentes entre telas.,Comparar ordem home vs Séries filtrada.
03-SERIES.md,"página **Séries** do site (listagem completa de séries, acessível pelo menu ou pelo título da faixa Séries na página inicial).",RN-SERIES-046,Carrossel por ano (home),Navegação por ano no carrossel da inicial; em Séries use filtro de ano.,Ano específico.,Home: slides; Séries: grade filtrada.,Filtrar ano em Séries.
03-SERIES.md,"página **Séries** do site (listagem completa de séries, acessível pelo menu ou pelo título da faixa Séries na página inicial).",RN-SERIES-047,Ano sem dia confirmado (home),Blocos TBD existem na home; em Séries use status/detalhe.,Série TBA.,Detalhe pode mostrar incerteza; sem separador TBD aqui.,Comparar home vs detalhe em Séries.
03-SERIES.md,"página **Séries** do site (listagem completa de séries, acessível pelo menu ou pelo título da faixa Séries na página inicial).",RN-SERIES-048,Contexto de temporadas na home,Cards do carrossel podem considerar datas de temporadas.,Nova temporada distante.,Home posiciona por ep; Séries filtra por estreia original se ano/mês de estreia.,Caso com nova temp.
03-SERIES.md,"página **Séries** do site (listagem completa de séries, acessível pelo menu ou pelo título da faixa Séries na página inicial).",RN-SERIES-049,Formato do card home vs grade,"Campos visuais podem diferir levemente (próximo ep, contagem).",Mesma série.,Detalhes extras no carrossel home.,Abrir card home vs card Séries.
03-SERIES.md,"página **Séries** do site (listagem completa de séries, acessível pelo menu ou pelo título da faixa Séries na página inicial).",RN-SERIES-050,Limite de itens no carrossel home,Faixa horizontal da home mostra subconjunto curado (~dezenas/centenas internas); Séries pagina ~48 visíveis.,Catálogo grande.,Home não lista tudo; Séries lista muito mais via filtros.,Contar visíveis em cada superfície.
03-SERIES.md,"página **Séries** do site (listagem completa de séries, acessível pelo menu ou pelo título da faixa Séries na página inicial).",RN-SERIES-051,Detalhe pelo card,Clique abre modal/página de detalhe.,Card na grade/gaveta.,"Sinopse, temporadas, links.",Clicar card.
03-SERIES.md,"página **Séries** do site (listagem completa de séries, acessível pelo menu ou pelo título da faixa Séries na página inicial).",RN-SERIES-052,Episódios por temporada,Lista de episódios acessível no fluxo de detalhe (não na grade).,Série com temporadas.,Episódios visíveis no detalhe.,Abrir detalhe → temporada.
03-SERIES.md,"página **Séries** do site (listagem completa de séries, acessível pelo menu ou pelo título da faixa Séries na página inicial).",RN-SERIES-053,Sem edição pública,Cadastro alterado só por equipe interna.,Usuário comum.,Sem controles de admin em Séries.,Inspecionar página.
03-SERIES.md,"página **Séries** do site (listagem completa de séries, acessível pelo menu ou pelo título da faixa Séries na página inicial).",RN-SERIES-054,Filtros habilitados,Selects não ficam permanentemente desabilitados.,Uso normal.,Todos clicáveis.,Usar filtros.
03-SERIES.md,"página **Séries** do site (listagem completa de séries, acessível pelo menu ou pelo título da faixa Séries na página inicial).",RN-SERIES-055,Contador coerente,Total exibido alinhado ao filtro aplicado.,Filtro ativo.,Número faz sentido com busca manual por título.,Anotar contador + amostra.
03-SERIES.md,"página **Séries** do site (listagem completa de séries, acessível pelo menu ou pelo título da faixa Séries na página inicial).",RN-SERIES-056,Recarregar reseta filtros,F5 volta ao estado inicial da página.,Filtros alterados.,Selects e lista padrão após reload.,F5 após filtrar.
03-SERIES.md,"página **Séries** do site (listagem completa de séries, acessível pelo menu ou pelo título da faixa Séries na página inicial).",RN-SERIES-057,Listagem ampla sem filtro,Abrir Séries sem filtros mostra séries diversas do catálogo (paginadas).,Catálogo populado.,Grade com títulos variados.,Abrir Séries padrão.
03-SERIES.md,"página **Séries** do site (listagem completa de séries, acessível pelo menu ou pelo título da faixa Séries na página inicial).",RN-SERIES-058,Gêneros só com séries,Gênero sem nenhuma série não aparece no menu.,Gênero órfão.,Ausente no select.,Revisar lista de gêneros.
03-SERIES.md,"página **Séries** do site (listagem completa de séries, acessível pelo menu ou pelo título da faixa Séries na página inicial).",RN-SERIES-059,Plataformas só com séries,Mesma regra para streaming.,Plataforma sem séries.,Ausente no select.,Abrir plataformas.
03-SERIES.md,"página **Séries** do site (listagem completa de séries, acessível pelo menu ou pelo título da faixa Séries na página inicial).",RN-SERIES-060,Erro total na listagem,"Falha grave ao montar lista mostra estado vazio/erro amigável, não tela branca.",Catálogo indisponível ao filtrar.,Empty ou mensagem; página intacta.,Simular indisponibilidade.
03-SERIES.md,"página **Séries** do site (listagem completa de séries, acessível pelo menu ou pelo título da faixa Séries na página inicial).",RN-SERIES-061,Erro nos filtros,"Se opções de filtro não carregarem, selects podem ficar vazios mas página abre.",Falha na abertura.,Ver RN-SERIES-003.,Abrir com catálogo down.
03-SERIES.md,"página **Séries** do site (listagem completa de séries, acessível pelo menu ou pelo título da faixa Séries na página inicial).",RN-SERIES-062,Série planejada na listagem,Séries futuras “planejadas” podem aparecer na grade se cadastradas.,Série Planned.,Card visível; etiqueta **Em breve** quando aplicável.,Buscar estreia futura.
